Data;Godzina;Krajowe zapotrzebowanie na moc;Sumaryczna generacja JWCD;Sumaryczna generacja nJWCD;Krajowe saldo wymiany miêdzysystemowej równoleg³ej;Krajowe saldo wymiany miêdzysystemowej nierównoleg³ej
2023-03-01;1;18660,738;11791,263;6778,613;-541,313;943,925
2023-03-01;2;18228,975;11688,688;6698,250;-777,738;943,900
2023-03-01;3;17926,850;11394,838;6691,638;-748,513;943,950
2023-03-01;4;18022,550;11420,475;6633,788;-620,525;943,875
2023-03-01;5;18349,113;11615,638;6570,650;-422,775;943,663
2023-03-01;6;19350,325;12331,150;6536,125;-111,325;944,150
2023-03-01;7;21781,675;15059,363;6591,988;-706,075;916,750
2023-03-01;8;23486,425;15764,188;7443,163;-187,075;473,325
2023-03-01;9;24122,688;15145,863;9106,613;-761,988;644,138
2023-03-01;10;23607,213;13192,625;10223,438;-718,050;921,888
2023-03-01;11;22770,438;11511,238;11031,363;-678,438;944,813
2023-03-01;12;22732,913;11266,838;11618,375;-1047,300;943,900
2023-03-01;13;22651,625;10668,463;11760,425;-675,975;945,150
2023-03-01;14;22580,475;10695,775;11379,413;-417,313;945,500
2023-03-01;15;22390,313;11093,138;10306,138;46,013;943,625
2023-03-01;16;22693,025;12710,988;8593,238;450,900;942,775
2023-03-01;17;23059,750;14899,038;6620,550;602,888;944,713
2023-03-01;18;23814,863;16670,650;5667,450;537,438;944,600
2023-03-01;19;24558,475;16905,950;5879,188;834,613;940,175
2023-03-01;20;24645,913;16998,313;6195,700;577,825;875,475
2023-03-01;21;23972,925;16153,525;6171,275;716,038;937,138
2023-03-01;22;22400,575;14904,650;6047,813;521,488;943,563
2023-03-01;23;20834,913;13912,625;5862,938;132,725;939,925
2023-03-01;24;19419,663;12364,063;5729,225;403,800;942,400
2023-03-02;1;18470,813;11393,125;5661,113;587,850;945,675
2023-03-02;2;18037,163;11361,913;5701,388;429,338;943,938
2023-03-02;3;17836,700;11636,613;5673,025;204,600;944,563
2023-03-02;4;17884,125;11642,825;5621,875;306,863;944,738
2023-03-02;5;18281,313;11750,900;5596,650;621,588;944,913
2023-03-02;6;19318,788;12708,525;5569,750;585,838;945,025
2023-03-02;7;21663,863;14309,963;5635,050;964,963;942,788
2023-03-02;8;23465,325;15647,400;6333,313;556,738;927,275
2023-03-02;9;24175,800;15957,050;7623,050;-319,400;916,963
2023-03-02;10;24052,650;14772,300;8721,350;-372,475;943,700
2023-03-02;11;23448,963;13952,825;9461,588;-908,838;945,700
2023-03-02;12;23507,000;13315,875;10032,725;-787,250;946,000
2023-03-02;13;23407,450;13297,363;10218,775;-999,638;944,663
2023-03-02;14;23440,925;13190,875;9924,400;-542,675;944,875
2023-03-02;15;23108,475;12630,000;9185,025;420,738;944,450
2023-03-02;16;23174,338;13789,350;7953,313;532,100;943,775
2023-03-02;17;23364,663;14857,713;6447,688;1117,900;943,738
2023-03-02;18;23907,263;16265,813;5728,488;984,175;943,575
2023-03-02;19;24584,150;16889,525;5848,513;917,138;943,550
2023-03-02;20;24533,250;16776,088;5866,375;958,625;944,500
2023-03-02;21;23950,313;16117,450;5894,813;1003,075;945,075
2023-03-02;22;22364,788;14571,550;5870,375;999,650;944,625
2023-03-02;23;20774,575;13174,763;5975,588;718,800;944,988
2023-03-02;24;19476,163;11930,063;6072,388;709,625;945,075
2023-03-03;1;18683,713;12111,575;6203,438;-323,163;945,100
2023-03-03;2;18104,400;12194,738;6233,763;-858,563;945,013
2023-03-03;3;17912,738;12187,838;6396,363;-1080,213;944,738
2023-03-03;4;17907,575;12387,200;6606,463;-1431,475;944,988
2023-03-03;5;18386,163;12525,738;6580,088;-1054,438;945,113
2023-03-03;6;19254,813;12713,575;6582,313;-404,600;944,913
2023-03-03;7;21468,900;14173,550;6643,388;-204,250;944,563
2023-03-03;8;23440,725;16278,613;6996,650;-773,025;944,775
2023-03-03;9;24411,138;16910,388;7455,575;-883,050;944,763
2023-03-03;10;24877,138;16040,975;8068,100;-150,400;944,713
2023-03-03;11;24390,350;15142,213;8384,475;-54,225;931,850
2023-03-03;12;24523,925;15048,700;9129,138;-421,150;779,525
2023-03-03;13;24412,650;14223,413;9718,625;-440,363;930,638
2023-03-03;14;24371,538;13756,088;10026,613;-339,425;944,850
2023-03-03;15;23962,700;12924,775;9966,825;138,125;944,963
2023-03-03;16;23827,663;12840,250;9358,063;694,813;945,125
2023-03-03;17;23727,463;13431,813;9051,388;301,413;945,200
2023-03-03;18;24095,875;13689,850;9272,313;193,100;945,175
2023-03-03;19;24421,738;14308,250;9729,625;-559,175;945,125
2023-03-03;20;24196,888;13329,863;10406,675;-474,788;944,575
2023-03-03;21;23551,725;12015,213;10956,875;-345,750;938,513
2023-03-03;22;21862,200;10393,013;11147,200;-501,800;841,963
2023-03-03;23;20441,800;8839,713;11490,650;-576,863;692,225
2023-03-03;24;19172,363;7505,575;11783,900;-653,188;758,875
2023-03-04;1;18042,925;7163,650;11813,638;-709,988;767,988
2023-03-04;2;17484,113;7101,850;11808,713;-1036,050;843,975
2023-03-04;3;17019,913;6873,125;11709,513;-1270,800;937,463
2023-03-04;4;16954,188;7041,825;11336,575;-1198,338;944,275
2023-03-04;5;16921,350;7111,525;11016,588;-1275,538;944,300
2023-03-04;6;17016,813;7070,788;10791,988;-1135,200;944,188
2023-03-04;7;17530,638;7283,463;10706,700;-1288,788;944,238
2023-03-04;8;18622,313;7895,338;10932,088;-1125,150;941,163
2023-03-04;9;20156,638;8634,650;11502,875;-904,138;944,600
2023-03-04;10;21026,588;8966,500;12171,438;-1013,038;945,163
2023-03-04;11;21227,850;8609,688;12687,763;-972,238;945,088
2023-03-04;12;21596,975;8248,113;13649,538;-1205,788;936,038
2023-03-04;13;21420,538;7654,063;14080,088;-1002,925;801,850
2023-03-04;14;21405,463;7549,188;14121,975;-912,075;816,538
2023-03-04;15;20974,913;7568,375;13842,300;-926,038;769,988
2023-03-04;16;20575,100;7602,913;13095,725;-837,188;838,675
2023-03-04;17;20440,775;8546,213;11813,138;-650,563;732,600
2023-03-04;18;20672,625;11056,300;10242,375;-1551,638;926,613
2023-03-04;19;21318,100;13045,563;9432,700;-2104,875;945,150
2023-03-04;20;21110,063;12563,863;8945,838;-1333,813;944,138
2023-03-04;21;20582,925;11579,813;8689,263;-617,925;938,263
2023-03-04;22;19452,213;10730,688;8455,775;-597,100;882,450
2023-03-04;23;18440,338;9916,413;8220,775;-537,075;859,388
2023-03-04;24;17237,563;8740,675;8124,125;-192,688;594,038
2023-03-05;1;16082,788;8172,138;7964,388;-336,375;312,813
2023-03-05;2;15630,963;7728,038;8022,000;-389,025;294,138
2023-03-05;3;15245,575;7546,850;8162,163;-728,613;312,100
2023-03-05;4;15109,150;7690,350;7999,300;-1077,713;556,150
2023-03-05;5;15273,888;7655,350;8045,050;-644,688;281,313
2023-03-05;6;15450,213;7781,588;8094,613;-222,750;-139,800
2023-03-05;7;15618,913;7845,775;8375,613;-285,850;-256,338
2023-03-05;8;16430,400;8239,688;8917,200;-515,900;-160,500
2023-03-05;9;17585,800;8550,000;9633,450;-1326,875;816,788
2023-03-05;10;18363,513;8945,900;10447,475;-767,475;141,100
2023-03-05;11;18741,075;9447,263;10969,338;-737,900;-378,950
2023-03-05;12;19194,900;9756,588;11082,188;-1482,613;581,363
2023-03-05;13;19128,250;10116,538;10668,175;-1524,138;610,838
2023-03-05;14;19385,638;10538,763;10449,075;-1786,225;928,838
2023-03-05;15;19151,600;10579,375;9768,025;-1391,988;930,275
2023-03-05;16;18871,225;11060,063;9148,450;-1532,363;800,775
2023-03-05;17;18731,425;11135,738;8242,950;-1384,988;789,100
2023-03-05;18;19348,400;12032,725;7507,663;-1100,888;908,125
2023-03-05;19;20364,213;13341,500;7542,475;-1156,063;634,525
2023-03-05;20;20560,425;13612,700;7731,475;-1694,250;924,150
2023-03-05;21;20087,538;13473,125;7760,800;-2084,375;945,400
2023-03-05;22;19250,250;12277,688;7772,688;-1736,150;945,375
2023-03-05;23;18465,763;10950,838;7861,350;-1261,850;929,450
2023-03-05;24;17349,613;10616,438;7700,400;-1657,200;746,588
2023-03-06;1;16723,050;10620,338;7672,813;-1662,988;917,675
2023-03-06;2;16323,300;10140,813;7522,988;-1222,188;875,838
2023-03-06;3;16132,525;10229,088;7433,275;-1301,288;931,463
2023-03-06;4;16301,888;10297,438;7337,825;-1128,038;942,975
2023-03-06;5;16756,813;11148,200;7307,750;-1528,225;943,150
2023-03-06;6;17971,400;11786,900;7317,900;-1118,575;936,650
2023-03-06;7;20782,963;12912,388;7415,375;-157,650;779,975
2023-03-06;8;23143,088;15360,963;7774,813;-116,650;122,838
2023-03-06;9;24484,300;15993,150;8406,400;162,600;-68,488
2023-03-06;10;24550,200;15419,750;9145,600;-350,800;362,975
2023-03-06;11;23928,625;14223,363;9878,200;-559,175;409,963
2023-03-06;12;23880,700;12736,750;9974,638;368,475;853,463
2023-03-06;13;23846,688;12723,275;9536,950;791,325;856,788
2023-03-06;14;23960,838;13056,125;8440,963;1581,050;938,925
2023-03-06;15;23930,563;13979,288;7914,300;1106,525;945,288
2023-03-06;16;23796,450;14422,863;7294,275;1153,288;945,050
2023-03-06;17;23692,838;14977,625;6573,350;1206,450;936,650
2023-03-06;18;24032,388;15578,825;6173,863;1559,138;732,138
2023-03-06;19;24715,675;16758,300;6263,700;1521,650;181,413
2023-03-06;20;24616,575;16489,800;6406,950;1309,075;422,788
2023-03-06;21;23971,513;14864,088;6631,813;1579,388;914,375
2023-03-06;22;22383,475;13212,563;6751,575;1516,500;929,525
2023-03-06;23;20741,225;12152,688;6844,888;1061,275;710,463
2023-03-06;24;19282,050;10464,475;6825,538;1176,788;853,325
2023-03-07;1;18279,913;10519,838;6802,125;532,700;437,350
2023-03-07;2;17733,075;9974,850;6790,650;438,713;569,338
2023-03-07;3;17510,388;9774,575;6860,513;455,438;469,300
2023-03-07;4;17599,688;9465,163;7126,100;533,550;527,613
2023-03-07;5;17972,963;9498,125;7446,038;522,938;521,563
2023-03-07;6;18990,613;10399,925;7953,038;361,338;296,175
2023-03-07;7;21462,513;12085,700;8810,350;233,463;340,513
2023-03-07;8;23361,163;12484,013;10030,063;549,663;304,588
2023-03-07;9;23989,775;12560,400;11405,063;-237,650;271,613
2023-03-07;10;23946,888;11309,825;13028,300;-348,775;39,438
2023-03-07;11;23382,763;10578,150;14427,913;-831,013;-323,475
2023-03-07;12;23399,825;9667,313;14820,625;-92,113;-465,763
2023-03-07;13;23421,838;9450,750;14457,513;51,050;-99,075
2023-03-07;14;23699,413;9812,050;13986,675;253,988;-99,688
2023-03-07;15;23453,388;10084,488;13301,975;116,800;65,875
2023-03-07;16;23339,650;10783,113;12717,313;-186,088;159,863
2023-03-07;17;23212,613;11407,013;12193,825;-501,388;326,325
2023-03-07;18;23514,475;12212,675;11755,575;-834,513;516,550
2023-03-07;19;24035,738;12575,913;11951,738;-1274,450;789,913
2023-03-07;20;24028,088;11522,013;12017,925;-349,713;845,200
2023-03-07;21;23451,750;11710,225;11810,688;-991,513;931,300
2023-03-07;22;22026,075;10931,963;11758,863;-1498,425;851,500
2023-03-07;23;20312,963;9797,675;11315,088;-1595,500;841,325
2023-03-07;24;19046,088;8411,988;11233,188;-1241,863;773,750
2023-03-08;1;18117,975;8397,713;11117,063;-1240,638;839,125
2023-03-08;2;17488,613;8366,088;11037,338;-1638,988;845,500
2023-03-08;3;17181,800;8254,400;10989,825;-1795,400;850,313
2023-03-08;4;17169,725;8414,400;10921,738;-1958,500;898,725
2023-03-08;5;17543,663;8670,388;10863,913;-1590,100;659,838
2023-03-08;6;18577,425;9740,188;10679,775;-1341,388;411,375
2023-03-08;7;20880,863;10739,125;10618,625;-1094,750;896,913
2023-03-08;8;22810,663;11221,813;11001,313;-175,750;777,113
2023-03-08;9;23499,800;11938,325;11685,063;-557,038;445,075
2023-03-08;10;23475,338;11640,500;12498,163;-1478,250;863,713
2023-03-08;11;23090,238;11449,250;13168,888;-1618,575;412,350
2023-03-08;12;23034,388;11311,713;13106,025;-2012,800;668,613
2023-03-08;13;23219,550;11010,688;12510,325;-1115,313;828,538
2023-03-08;14;23311,863;11404,913;11146,613;139,338;637,750
2023-03-08;15;23070,775;11882,875;9377,775;932,188;888,663
2023-03-08;16;23147,175;13069,575;7618,013;1743,813;725,663
2023-03-08;17;23276,938;13810,175;6474,163;2074,450;930,313
2023-03-08;18;23664,588;14833,863;5948,263;1948,525;944,200
2023-03-08;19;24205,213;15186,925;5889,238;2187,100;944,113
2023-03-08;20;24192,725;15593,313;5930,513;1742,125;944,125
2023-03-08;21;23628,113;14871,038;5970,013;1866,413;944,150
2023-03-08;22;22165,075;13549,125;6006,113;1700,913;944,263
2023-03-08;23;20618,800;11964,663;6038,963;1687,100;944,500
2023-03-08;24;19228,488;11311,800;6063,963;976,400;932,688
2023-03-09;1;18274,213;11215,475;6150,113;694,425;713,275
2023-03-09;2;17635,688;11184,313;6386,088;75,713;644,900
2023-03-09;3;17362,013;11297,700;6619,438;-189,575;341,950
2023-03-09;4;17441,200;10953,800;6811,600;496,900;-123,400
2023-03-09;5;17700,475;10810,450;7090,188;1094,488;-620,050
2023-03-09;6;18571,800;10658,138;7463,463;1282,163;-339,688
2023-03-09;7;20815,688;11927,038;7766,513;1568,550;-77,900
2023-03-09;8;22852,463;12861,650;8178,800;2205,763;-311,138
2023-03-09;9;23916,188;13551,713;8551,300;1874,250;-46,463
2023-03-09;10;24194,925;13630,588;8724,638;1230,588;624,388
2023-03-09;11;24114,188;13652,075;8870,488;861,050;760,400
2023-03-09;12;24168,775;13154,025;8731,163;1361,963;935,150
2023-03-09;13;24316,763;13172,125;8519,425;1697,713;944,788
2023-03-09;14;24691,788;13664,488;8149,450;1950,613;945,063
2023-03-09;15;24193,713;13712,713;7493,150;2031,663;945,125
2023-03-09;16;23803,488;13963,988;6959,950;1930,550;945,150
2023-03-09;17;23589,813;14560,525;6403,200;1689,200;943,725
2023-03-09;18;23916,700;15340,175;6224,388;1424,813;935,075
2023-03-09;19;24418,013;15838,188;6327,700;1313,825;935,088
2023-03-09;20;24480,063;15867,938;6477,050;1206,925;944,313
2023-03-09;21;23893,138;15052,575;6680,713;1249,713;936,525
2023-03-09;22;22308,663;13889,288;6662,300;1023,650;764,450
2023-03-09;23;20614,950;12005,763;6710,575;1079,463;883,975
2023-03-09;24;19250,038;10303,625;6757,263;1309,050;942,838
2023-03-10;1;18247,138;10751,000;6808,663;-114,450;932,250
2023-03-10;2;17698,200;10919,138;7081,375;-676,625;804,988
2023-03-10;3;17490,188;10431,150;7581,163;-302,938;255,225
2023-03-10;4;17355,600;9975,363;7901,088;124,375;-169,263
2023-03-10;5;17816,325;10127,500;8148,313;467,563;-450,363
2023-03-10;6;18581,575;10385,550;8499,375;339,838;-205,650
2023-03-10;7;20670,250;11199,888;8826,438;112,588;714,913
2023-03-10;8;22357,113;11584,563;9481,125;359,825;932,050
2023-03-10;9;23137,575;11248,300;10226,338;748,250;931,788
2023-03-10;10;23037,050;10834,125;10466,163;1006,300;750,725
2023-03-10;11;22649,363;10873,438;10754,813;128,400;911,413
2023-03-10;12;22747,938;10486,588;11097,713;524,775;664,900
2023-03-10;13;22666,900;10578,425;10921,200;586,688;926,875
2023-03-10;14;22666,675;10624,088;10117,025;1439,313;861,963
2023-03-10;15;22338,038;11166,588;8901,550;1436,800;937,188
2023-03-10;16;22469,375;12645,363;7959,763;928,750;944,225
2023-03-10;17;22357,525;13604,188;7004,975;790,738;944,275
2023-03-10;18;22591,938;14102,763;6487,088;1046,313;943,738
2023-03-10;19;23298,388;14540,050;6454,788;1338,850;943,438
2023-03-10;20;23270,175;14641,425;6676,163;1010,200;944,213
2023-03-10;21;22532,538;13570,850;6964,675;1090,513;913,913
2023-03-10;22;21045,738;12600,263;6811,238;1299,625;345,238
2023-03-10;23;19732,950;12048,325;6862,650;1595,363;-762,488
2023-03-10;24;18575,638;11310,238;6913,038;1372,713;-1011,500
2023-03-11;1;17477,388;10121,250;7060,750;1411,138;-1112,300
2023-03-11;2;16773,825;9680,088;7161,738;1055,625;-1120,463
2023-03-11;3;16482,963;8969,863;7671,350;966,175;-1118,175
2023-03-11;4;16409,125;8261,888;8238,513;1044,475;-1112,063
2023-03-11;5;16534,475;8008,038;8725,700;1146,813;-1119,575
2023-03-11;6;16520,175;7829,963;9124,338;1043,063;-1078,850
2023-03-11;7;17030,875;8172,150;9441,050;274,825;-468,338
2023-03-11;8;18311,325;9365,913;9820,700;-796,888;115,325
2023-03-11;9;19707,600;9932,688;10689,475;-237,288;-659,900
2023-03-11;10;20766,375;9470,200;11621,488;686,825;-1002,775
2023-03-11;11;21147,625;8919,013;12095,075;1124,288;-977,525
2023-03-11;12;21431,838;9122,513;12773,938;655,750;-973,713
2023-03-11;13;21443,050;9036,813;13075,700;758,913;-973,563
2023-03-11;14;21364,850;8501,125;13293,763;907,350;-973,688
2023-03-11;15;20882,400;8042,625;13070,300;1103,950;-969,988
2023-03-11;16;20525,525;8066,413;12812,338;888,113;-888,488
2023-03-11;17;20364,525;8775,163;12225,038;81,575;-311,750
2023-03-11;18;20584,450;11216,825;11217,613;-2126,425;286,538
2023-03-11;19;21206,775;12391,163;10473,788;-2270,763;618,300
2023-03-11;20;21083,313;12372,900;10388,750;-2438,675;758,713
2023-03-11;21;20452,263;11631,800;10507,625;-2438,100;757,888
2023-03-11;22;19250,113;9388,188;10847,925;-1628,388;647,950
2023-03-11;23;18283,038;8471,675;11160,263;-1799,025;464,225
2023-03-11;24;17155,525;7672,413;11292,875;-2312,050;518,413
2023-03-12;1;16211,288;7588,225;11107,025;-2858,950;388,363
2023-03-12;2;15718,950;6958,188;11247,013;-2934,613;459,500
2023-03-12;3;15308,163;6406,713;11390,850;-2967,388;503,200
2023-03-12;4;15194,875;5998,213;11490,900;-2640,688;390,863
2023-03-12;5;15176,475;5968,063;11441,338;-2604,688;406,300
2023-03-12;6;15228,913;6092,750;11408,900;-2608,025;354,000
2023-03-12;7;15406,825;5881,675;11734,988;-2601,888;419,850
2023-03-12;8;16328,150;5906,200;12400,275;-2491,150;528,325
2023-03-12;9;17354,700;6289,138;13733,225;-2668,113;91,950
2023-03-12;10;17623,275;6412,538;15050,988;-2857,738;-616,838
2023-03-12;11;17528,188;5904,675;15635,263;-2063,850;-898,338
2023-03-12;12;17571,513;5532,163;15944,300;-1586,963;-986,150
2023-03-12;13;17287,213;5703,525;15269,175;-1532,863;-805,850
2023-03-12;14;17528,425;5854,938;14623,288;-1084,950;-485,400
2023-03-12;15;17467,500;6344,038;13035,988;-1288,100;574,563
2023-03-12;16;17300,275;7268,275;10661,938;-943,063;545,725
2023-03-12;17;17642,150;9072,875;8551,950;-471,375;493,313
2023-03-12;18;18402,450;10222,775;7265,888;2,713;917,600
2023-03-12;19;19507,313;11485,225;7017,688;60,838;944,350
2023-03-12;20;19865,350;11855,663;7055,725;6,850;944,575
2023-03-12;21;19352,250;10808,675;7141,100;468,375;944,363
2023-03-12;22;18449,488;9505,488;7365,500;649,450;944,613
2023-03-12;23;17792,600;9441,800;7337,625;91,875;944,825
2023-03-12;24;16700,663;9002,563;7610,175;-800,125;941,338
2023-03-13;1;15831,963;8182,638;7804,475;-836,163;904,188
2023-03-13;2;15375,038;7610,213;8113,338;-893,638;867,875
2023-03-13;3;15191,750;7413,675;8592,138;-106,900;-21,750
2023-03-13;4;15258,850;7266,413;9113,863;173,350;-337,038
2023-03-13;5;15675,400;7175,363;9266,725;17,088;156,550
2023-03-13;6;16674,688;7658,100;9503,438;-74,600;187,838
2023-03-13;7;19448,413;9389,213;9937,638;-77,063;287,513
2023-03-13;8;21530,575;9983,450;10812,775;-33,588;772,925
2023-03-13;9;22376,088;10138,575;11847,975;25,913;383,113
2023-03-13;10;22220,038;8712,413;12826,175;359,463;351,063
2023-03-13;11;21846,825;7318,113;13511,563;700,575;350,963
2023-03-13;12;22032,138;7113,900;14054,088;543,400;350,175
2023-03-13;13;22582,025;7142,138;14562,975;568,675;350,225
2023-03-13;14;22905,538;7501,763;14333,575;747,288;349,988
2023-03-13;15;22336,150;7728,100;13452,600;805,388;350,738
2023-03-13;16;22120,388;8303,663;13001,975;445,450;375,300
2023-03-13;17;21949,913;8732,325;12445,738;36,175;736,725
2023-03-13;18;22120,763;9370,438;11968,713;34,850;763,813
2023-03-13;19;22931,163;10213,550;12043,913;-82,388;763,725
2023-03-13;20;23025,150;10062,100;12235,863;-26,663;763,888
2023-03-13;21;22424,250;9162,063;12344,313;182,538;764,025
2023-03-13;22;20911,113;7826,400;12364,588;-18,963;764,313
2023-03-13;23;19335,600;7148,825;12197,413;-625,813;722,388
2023-03-13;24;17983,875;6670,188;12011,088;-202,238;32,888
2023-03-14;1;17006,338;6347,813;11708,613;-87,363;-138,838
2023-03-14;2;16432,225;6441,388;11199,800;-626,063;605,888
2023-03-14;3;16096,413;6473,450;10944,750;-577,950;436,788
2023-03-14;4;16203,838;6508,438;11042,888;-30,025;-258,475
2023-03-14;5;16762,013;6669,350;10976,525;-115,450;-188,138
2023-03-14;6;17475,500;7029,738;10542,638;-815,113;780,025
2023-03-14;7;19680,675;8458,475;10670,963;-395,400;937,613
2023-03-14;8;21411,625;9269,213;11290,438;-86,363;941,000
2023-03-14;9;21985,425;9145,000;12092,213;-94,213;854,938
2023-03-14;10;21803,338;8133,113;12719,238;676,438;292,763
2023-03-14;11;21622,938;7905,600;13241,188;402,888;86,738
2023-03-14;12;21948,100;7971,438;13130,025;767,425;86,863
2023-03-14;13;22438,688;8426,125;12913,950;1040,250;87,050
2023-03-14;14;22512,450;8821,613;12418,638;1359,538;87,075
2023-03-14;15;22164,888;9702,113;11761,250;957,463;108,213
2023-03-14;16;22132,525;10614,950;11120,950;438,850;333,963
2023-03-14;17;22098,575;10242,488;10769,500;406,338;863,150
2023-03-14;18;22445,513;11115,025;10644,500;-112,463;789,950
2023-03-14;19;23278,275;12820,338;10727,838;-914,338;627,463
2023-03-14;20;23346,450;13409,200;10675,963;-1493,400;748,813
2023-03-14;21;22875,488;12652,100;10637,363;-1174,525;764,713
2023-03-14;22;21238,638;11817,200;10825,888;-2124,100;764,250
2023-03-14;23;19481,225;9313,950;11136,125;-1366,613;762,213
2023-03-14;24;18267,913;8649,638;11049,325;-1469,825;734,888
2023-03-15;1;17444,788;8146,563;10815,650;-1570,800;769,063
2023-03-15;2;17030,863;9013,763;10405,750;-2425,375;844,588
2023-03-15;3;16812,263;8915,800;10115,013;-2326,750;938,025
2023-03-15;4;16795,775;9107,013;9903,363;-2358,900;944,550
2023-03-15;5;17274,375;9289,725;9592,213;-1748,613;937,863
2023-03-15;6;18046,050;10648,538;9401,675;-2056,075;838,975
2023-03-15;7;20468,400;12794,425;9367,413;-2355,125;927,563
2023-03-15;8;22310,538;13294,000;9883,775;-1738,225;850,238
2023-03-15;9;23147,300;13639,763;10870,263;-1956,700;601,288
2023-03-15;10;23157,763;12598,688;11625,338;-1834,463;827,113
2023-03-15;11;22455,913;10312,338;11795,588;-135,363;844,575
2023-03-15;12;22663,463;10320,050;11853,713;-51,238;844,663
2023-03-15;13;22773,725;9544,400;11964,313;686,038;844,800
2023-03-15;14;23044,963;9457,888;11971,688;883,863;850,425
2023-03-15;15;22515,800;9713,300;11260,988;936,550;938,838
2023-03-15;16;22483,388;9984,338;10252,325;1546,275;945,513
2023-03-15;17;22373,163;11357,163;8458,238;1651,225;945,388
2023-03-15;18;22833,100;13845,550;6971,325;1067,775;945,425
2023-03-15;19;23810,663;16417,138;6657,563;-229,513;945,388
2023-03-15;20;24001,963;17010,663;7103,963;-1050,925;933,638
2023-03-15;21;23371,500;15112,925;7476,325;-145,450;943,113
2023-03-15;22;21587,988;12520,188;7714,038;417,688;944,763
2023-03-15;23;20034,988;11200,163;7975,538;-71,950;945,063
2023-03-15;24;18838,450;11589,763;8021,363;-1688,125;944,725
2023-03-16;1;17941,475;10201,800;8075,863;-1105,088;944,713
2023-03-16;2;17470,850;9803,238;8111,975;-1203,000;945,013
2023-03-16;3;17139,850;9391,625;8138,825;-1138,513;945,125
2023-03-16;4;17258,500;9428,250;8225,275;-1147,413;944,813
2023-03-16;5;17629,700;9575,525;8158,488;-941,238;944,763
2023-03-16;6;18307,288;9888,800;8082,600;-565,100;932,025
2023-03-16;7;20625,838;11412,063;8422,050;27,675;767,713
2023-03-16;8;22401,925;11814,225;9768,225;-76,875;928,575
2023-03-16;9;22805,213;10910,538;11264,563;-272,225;927,338
2023-03-16;10;22531,738;9908,650;12337,875;-231,288;859,900
2023-03-16;11;22082,588;9192,063;12303,175;1100,013;827,813
2023-03-16;12;22220,338;9055,563;11947,525;1677,175;919,225
2023-03-16;13;22162,438;9226,975;11509,138;1847,813;943,675
2023-03-16;14;22516,188;9791,475;11173,588;1761,888;944,700
2023-03-16;15;22055,188;9707,888;10349,500;1632,763;943,475
2023-03-16;16;22268,525;10651,988;9331,438;1547,963;938,775
2023-03-16;17;22422,925;12680,963;7623,338;1166,175;949,700
2023-03-16;18;22637,825;14474,813;5977,375;1236,275;951,913
2023-03-16;19;23840,688;15983,638;5963,663;950,963;947,400
2023-03-16;20;24114,425;16080,025;6348,188;742,888;944,275
2023-03-16;21;23593,900;15440,200;6816,963;405,788;942,650
2023-03-16;22;21963,063;13378,138;7074,300;610,388;921,525
2023-03-16;23;20323,838;11517,738;7348,288;560,113;908,063
2023-03-16;24;18971,663;10356,300;7573,388;142,200;925,288
2023-03-17;1;17976,738;9469,375;7790,325;-147,588;918,888
2023-03-17;2;17498,075;9211,975;8025,313;-600,338;906,163
2023-03-17;3;17272,888;8914,300;8358,750;-765,688;807,688
2023-03-17;4;17291,500;8864,425;8497,025;-867,888;813,363
2023-03-17;5;17641,113;8824,588;8949,713;-1004,338;886,313
2023-03-17;6;18432,000;8998,800;9112,063;-399,713;729,675
2023-03-17;7;20507,925;9614,250;9926,575;328,700;649,075
2023-03-17;8;22318,738;10357,075;11672,163;-231,113;545,363
2023-03-17;9;22701,413;8964,400;12919,213;294,450;605,550
2023-03-17;10;22294,513;7726,600;14115,825;275,738;702,525
2023-03-17;11;21726,625;7029,563;15086,888;106,313;519,175
2023-03-17;12;21896,875;7054,038;16050,938;-419,463;501,125
2023-03-17;13;21892,450;7005,425;16667,988;-631,563;228,688
2023-03-17;14;21888,113;7166,888;16636,400;-813,413;265,538
2023-03-17;15;21733,575;7637,138;15795,963;-986,925;328,350
2023-03-17;16;21833,113;8056,963;14086,013;-922,100;881,263
2023-03-17;17;21858,950;9688,500;11912,900;-687,513;943,613
2023-03-17;18;22059,700;11681,538;10710,275;-1268,763;945,300
2023-03-17;19;22994,388;12061,800;11370,263;-1386,338;945,138
2023-03-17;20;23206,425;11234,175;12045,475;-1013,538;945,213
2023-03-17;21;22481,313;10421,838;12232,500;-1112,463;944,888
2023-03-17;22;20956,213;9046,250;12200,963;-1217,888;944,875
2023-03-17;23;19363,450;7601,813;11928,925;-1089,113;945,388
2023-03-17;24;18201,850;6900,913;11554,825;-1174,513;945,313
2023-03-18;1;17224,200;6925,300;11145,663;-1779,275;945,563
2023-03-18;2;16648,738;6778,900;11124,538;-2186,900;945,500
2023-03-18;3;16400,813;6605,888;11062,388;-2176,888;945,313
2023-03-18;4;16261,275;6192,013;10995,963;-1739,513;945,600
2023-03-18;5;16330,525;6432,850;10979,375;-1959,200;945,425
2023-03-18;6;16334,550;6768,650;10819,988;-2186,538;945,550
2023-03-18;7;16796,538;7011,988;11099,038;-2254,463;945,700
2023-03-18;8;18164,888;7200,338;12232,350;-2206,313;945,100
2023-03-18;9;18955,363;6586,400;13203,075;-1552,750;944,913
2023-03-18;10;19213,813;6207,100;14027,963;-1491,375;943,838
2023-03-18;11;19143,938;5979,613;14488,313;-1060,388;935,350
2023-03-18;12;19049,575;6116,313;14541,425;-1192,413;944,750
2023-03-18;13;18949,238;6054,463;14382,625;-1091,138;944,588
2023-03-18;14;18810,563;6450,913;13537,500;-920,238;944,838
2023-03-18;15;18448,388;6891,863;12231,150;-846,050;945,038
2023-03-18;16;18421,775;7932,300;10382,900;-755,875;944,938
2023-03-18;17;18591,013;9447,000;8427,825;-221,100;945,213
2023-03-18;18;18895,350;10708,963;7354,063;-100,238;945,150
2023-03-18;19;19923,388;11986,663;7689,375;-695,925;945,025
2023-03-18;20;20050,063;11764,925;8249,063;-908,675;945,013
2023-03-18;21;19335,900;11021,713;8520,125;-1148,738;944,650
2023-03-18;22;18235,338;9900,400;8293,675;-892,675;944,725
2023-03-18;23;17216,113;9544,600;7927,388;-1180,025;944,313
2023-03-18;24;16044,488;9350,938;7468,538;-1697,638;944,525
2023-03-19;1;15185,813;9037,863;7006,338;-1781,113;944,688
2023-03-19;2;14576,088;8227,838;6644,625;-1220,613;945,225
2023-03-19;3;14343,838;8034,075;6432,725;-1046,900;945,538
2023-03-19;4;14268,850;8217,000;6098,300;-976,975;945,263
2023-03-19;5;14392,250;8348,700;5921,675;-806,263;945,763
2023-03-19;6;14364,875;8454,400;5900,963;-919,600;945,525
2023-03-19;7;14550,988;8625,388;6368,950;-1372,525;945,600
2023-03-19;8;15500,013;8152,375;7887,263;-1465,875;945,475
2023-03-19;9;16271,825;7607,513;9271,375;-1433,450;932,563
2023-03-19;10;16766,938;7712,100;10433,975;-1430,325;749,463
2023-03-19;11;16915,288;7797,963;11128,375;-1902,300;751,650
2023-03-19;12;16945,200;7671,200;11322,763;-2128,300;931,988
2023-03-19;13;16952,313;8113,938;10987,050;-2276,263;944,838
2023-03-19;14;16948,250;8307,975;10064,450;-1482,138;944,913
2023-03-19;15;16781,975;9336,713;8670,513;-1495,938;945,213
2023-03-19;16;16541,513;9959,875;7028,013;-1009,750;935,250
2023-03-19;17;16672,875;10129,338;5704,650;-5,313;845,638
2023-03-19;18;17232,213;11221,313;4995,013;164,200;860,913
2023-03-19;19;18647,950;11908,025;5029,013;823,088;904,925
2023-03-19;20;19095,913;12124,613;5286,200;780,538;907,150
2023-03-19;21;18634,713;11704,425;5424,050;575,275;937,850
2023-03-19;22;17661,150;10913,038;5431,738;378,863;946,100
2023-03-19;23;16802,400;10486,550;5496,900;-98,175;934,238
2023-03-19;24;15830,750;10167,813;5490,150;-752,963;945,650
2023-03-20;1;15175,150;10022,088;5394,763;-1173,813;945,825
2023-03-20;2;14871,700;9732,188;5357,063;-952,400;945,050
2023-03-20;3;14756,000;9843,775;5312,450;-996,913;945,325
2023-03-20;4;14785,100;9735,613;5348,413;-896,438;945,388
2023-03-20;5;15290,413;9938,525;5465,363;-708,963;945,200
2023-03-20;6;16147,200;10490,725;5639,350;-752,975;945,675
2023-03-20;7;19026,250;11696,938;6120,175;276,125;945,425
2023-03-20;8;21162,300;12335,963;7069,400;820,163;945,525
2023-03-20;9;22132,713;12226,963;8077,388;898,538;946,150
2023-03-20;10;21994,338;11420,463;8889,513;776,175;946,488
2023-03-20;11;21805,325;11375,388;9698,738;111,375;946,488
2023-03-20;12;21810,900;11055,650;9734,613;764,513;945,600
2023-03-20;13;21892,350;10865,388;9544,825;987,638;945,688
2023-03-20;14;22052,638;10987,350;9311,838;1020,738;945,788
2023-03-20;15;21910,575;11186,150;8748,525;1252,450;945,888
2023-03-20;16;21783,875;11606,475;8189,963;1264,325;945,825
2023-03-20;17;21578,938;11817,213;7252,900;1703,725;945,388
2023-03-20;18;21735,275;12317,113;6948,850;1522,825;945,338
2023-03-20;19;22657,713;13441,113;6916,450;1340,800;944,863
2023-03-20;20;22907,588;14399,888;6698,113;858,288;945,150
2023-03-20;21;22188,588;13255,238;6660,150;1333,838;945,325
2023-03-20;22;20657,150;11955,875;6692,588;1080,975;945,763
2023-03-20;23;19125,463;11025,438;6614,963;556,675;946,038
2023-03-20;24;17823,913;10311,475;6336,863;250,663;946,088
2023-03-21;1;16873,488;9971,450;6191,288;-218,513;946,075
2023-03-21;2;16351,213;10042,425;5918,588;-160,788;946,050
2023-03-21;3;16148,550;10392,050;5697,763;-152,963;946,313
2023-03-21;4;16222,125;10496,288;5528,513;-8,913;944,050
2023-03-21;5;16651,513;10407,625;5446,063;606,513;903,650
2023-03-21;6;17197,550;10581,275;5426,775;682,000;942,800
2023-03-21;7;19698,075;12038,688;5668,888;1145,413;944,950
2023-03-21;8;21804,713;12969,088;6166,763;1736,363;945,650
2023-03-21;9;22840,663;13005,238;6895,800;2000,688;945,650
2023-03-21;10;22689,263;12802,888;7129,950;1833,175;945,150
2023-03-21;11;22469,888;12217,800;7386,700;1957,288;945,438
2023-03-21;12;22840,225;12525,575;7636,188;1864,438;945,550
2023-03-21;13;22886,175;12479,750;7754,850;1951,725;945,400
2023-03-21;14;22940,388;12787,125;7765,088;1529,163;945,613
2023-03-21;15;22505,650;12558,825;7411,113;1606,688;945,200
2023-03-21;16;22145,663;13040,975;6683,100;1481,900;945,325
2023-03-21;17;22086,900;13885,763;6052,913;1203,238;945,125
2023-03-21;18;22281,625;14528,663;5576,175;1234,900;944,713
2023-03-21;19;23069,725;15516,600;5572,913;1032,975;944,613
2023-03-21;20;23454,438;15533,325;5841,800;1133,663;944,788
2023-03-21;21;22680,263;14553,400;6194,975;993,313;944,763
2023-03-21;22;21171,600;12744,438;6407,375;1086,013;945,013
2023-03-21;23;19594,700;11200,550;6687,438;776,350;944,825
2023-03-21;24;18107,938;9809,438;6985,475;431,888;923,525
2023-03-22;1;17110,400;9600,350;7234,850;-123,400;522,138
2023-03-22;2;16679,163;9545,175;7507,413;-661,838;631,225
2023-03-22;3;16402,075;9118,013;7638,788;-574,050;595,363
2023-03-22;4;16359,588;9087,425;7743,300;-684,125;593,300
2023-03-22;5;16818,300;9523,763;7772,400;-642,288;545,200
2023-03-22;6;17494,750;9701,813;7768,013;-517,375;907,700
2023-03-22;7;20001,375;11243,100;8173,525;-305,213;945,463
2023-03-22;8;21867,775;12081,413;8877,400;-23,438;945,450
2023-03-22;9;22434,463;12079,663;9553,300;-114,675;945,350
2023-03-22;10;22259,775;11085,600;10284,463;-24,838;945,300
2023-03-22;11;21732,275;10451,475;10781,963;-416,238;943,875
2023-03-22;12;21610,000;10316,813;10923,013;-468,450;858,863
2023-03-22;13;21612,413;10562,213;11079,163;-503,888;614,250
2023-03-22;14;21890,525;10973,975;10910,988;-422,925;625,775
2023-03-22;15;21519,113;10720,550;10241,950;-308,388;932,513
2023-03-22;16;21486,238;10985,800;9173,713;383,513;945,400
2023-03-22;17;21596,825;12143,675;7968,713;540,325;945,600
2023-03-22;18;21775,475;13135,938;7004,938;689,838;945,675
2023-03-22;19;22790,200;14370,963;7248,113;224,350;946,125
2023-03-22;20;23037,150;13967,725;7780,425;343,613;946,075
2023-03-22;21;22406,363;12894,700;8113,450;460,138;946,238
2023-03-22;22;20721,275;11197,650;8391,388;200,088;945,975
2023-03-22;23;19054,488;10052,950;8320,925;-241,263;945,963
2023-03-22;24;17843,525;9288,663;8298,650;-666,975;942,575
2023-03-23;1;16835,975;8858,850;8004,700;-707,375;751,600
2023-03-23;2;16298,500;8746,725;7743,388;-892,838;881,625
2023-03-23;3;16109,900;8500,738;7589,338;-436,225;631,375
2023-03-23;4;16077,188;8459,113;7736,788;-414,200;472,425
2023-03-23;5;16286,000;8426,638;8103,675;-260,075;54,863
2023-03-23;6;16830,963;8397,650;8519,738;-459,675;393,675
2023-03-23;7;19162,100;9731,188;9133,713;-433,725;750,413
2023-03-23;8;21160,038;9950,288;10320,463;-2,900;926,200
2023-03-23;9;21835,475;9905,900;11306,025;110,463;945,288
2023-03-23;10;21573,950;9475,788;12179,650;-473,575;927,175
2023-03-23;11;21302,325;8862,350;13185,625;-560,475;579,525
2023-03-23;12;21444,725;8637,463;13623,563;-679,075;640,100
2023-03-23;13;21667,800;9557,763;13556,025;-1259,100;571,663
2023-03-23;14;21602,350;9791,250;12450,713;-421,325;466,263
2023-03-23;15;21563,013;10547,088;11169,263;-338,050;399,775
2023-03-23;16;21668,525;11368,550;10274,613;-266,925;343,850
2023-03-23;17;21628,800;11723,300;9523,738;-496,838;905,050
2023-03-23;18;21728,625;12097,700;8553,688;126,825;946,263
2023-03-23;19;22444,288;13340,650;8456,500;-289,188;945,888
2023-03-23;20;22847,488;13872,175;8594,938;-548,213;945,525
2023-03-23;21;21997,113;12230,388;8567,450;273,188;945,413
2023-03-23;22;20477,688;10675,388;8418,163;468,288;945,513
2023-03-23;23;18883,825;9620,413;8072,000;265,475;945,088
2023-03-23;24;17587,388;8898,063;7720,863;52,825;940,138
2023-03-24;1;16757,650;8927,013;7537,088;-357,313;692,225
2023-03-24;2;16281,150;8783,413;7208,463;-175,488;683,675
2023-03-24;3;15962,075;9063,713;7148,800;-681,188;646,713
2023-03-24;4;15926,375;9042,350;7239,313;-762,488;627,788
2023-03-24;5;16303,775;9118,775;7587,613;-576,138;396,288
2023-03-24;6;16848,688;8527,388;8064,813;-253,163;733,925
2023-03-24;7;19081,038;9315,850;8998,400;53,425;936,025
2023-03-24;8;21074,563;10007,525;9886,650;276,300;945,550
2023-03-24;9;21714,088;9368,488;10487,450;923,963;945,338
2023-03-24;10;21657,525;9286,450;11647,275;-77,338;855,750
2023-03-24;11;21461,463;8975,475;12861,825;-804,975;735,163
2023-03-24;12;21744,850;8601,838;13867,500;-327,575;161,325
2023-03-24;13;21681,238;8200,213;13985,525;152,138;-73,425
2023-03-24;14;21561,363;8848,375;13062,675;893,925;-653,988
2023-03-24;15;21427,050;9221,150;12268,513;280,613;-130,038
2023-03-24;16;21427,513;10270,338;11088,113;121,313;15,750
2023-03-24;17;21417,125;10879,650;9696,075;100,088;739,450
2023-03-24;18;21448,063;11266,900;8644,700;610,988;937,675
2023-03-24;19;22130,738;11942,775;8393,050;864,700;945,350
2023-03-24;20;22389,825;12225,400;8023,925;1198,513;945,438
2023-03-24;21;21832,175;11783,300;7884,288;1236,225;945,238
2023-03-24;22;20080,288;10648,163;7541,488;970,925;945,288
2023-03-24;23;18570,625;9968,688;7374,988;295,188;945,413
2023-03-24;24;17412,925;9164,100;7605,213;-276,138;945,713
2023-03-25;1;16356,975;7537,300;7873,525;19,675;946,050
2023-03-25;2;15853,825;7235,150;8004,800;-235,075;935,438
2023-03-25;3;15466,963;7040,800;8170,913;274,313;122,200
2023-03-25;4;15344,050;6864,550;7996,113;749,675;-253,538
2023-03-25;5;15521,700;7310,038;7825,413;741,838;-341,038
2023-03-25;6;15302,588;7177,250;7794,425;833,025;-484,500
2023-03-25;7;15949,413;6997,438;8286,238;606,675;81,263
2023-03-25;8;17141,075;7224,938;8794,525;904,325;240,313
2023-03-25;9;18350,400;7169,338;9575,313;1609,763;30,113
2023-03-25;10;18807,400;7420,988;10428,888;1414,563;-430,413
2023-03-25;11;18935,913;7369,263;11078,050;1578,875;-1063,175
2023-03-25;12;18931,838;7545,775;11446,638;1073,050;-1119,413
2023-03-25;13;18851,300;7317,863;11975,288;695,138;-1121,600
2023-03-25;14;18751,075;6847,300;11932,925;1355,988;-1121,200
2023-03-25;15;18671,938;6684,513;11279,088;1775,575;-1044,475
2023-03-25;16;18110,675;7695,475;9844,675;937,838;-368,750
2023-03-25;17;18270,200;8305,913;8585,813;756,775;631,613
2023-03-25;18;18426,950;8872,325;7466,275;1165,000;928,038
2023-03-25;19;19101,400;9639,050;7329,438;1193,663;944,388
2023-03-25;20;19646,550;10281,438;7921,600;505,688;944,575
2023-03-25;21;19111,175;9608,650;8366,100;216,838;925,175
2023-03-25;22;17948,975;8643,613;8482,688;312,413;516,263
2023-03-25;23;16754,713;8109,163;8465,675;-598,563;788,250
2023-03-25;24;15577,675;6964,200;8426,600;-396,000;600,788
2023-03-26;1;14729,325;6224,938;8446,013;-568,138;692,700
2023-03-26;3;13977,538;6033,000;8372,263;-148,050;173,625
2023-03-26;4;13756,963;6236,650;8396,538;-841,113;806,075
2023-03-26;5;13737,788;6021,375;8449,538;-715,713;879,588
2023-03-26;6;13795,200;5996,375;8558,638;-711,175;835,175
2023-03-26;7;13860,888;6097,000;8859,638;-1370,875;853,125
2023-03-26;8;14253,350;6173,863;9142,850;-1795,488;939,575
2023-03-26;9;14967,450;6105,513;9725,713;-1770,050;922,038
2023-03-26;10;15977,675;6750,400;10626,913;-2136,213;761,600
2023-03-26;11;16747,975;6969,588;11532,275;-2466,575;731,938
2023-03-26;12;17491,675;6698,350;12452,613;-2249,850;620,175
2023-03-26;13;17567,863;6590,863;12793,163;-1976,838;187,913
2023-03-26;14;17156,988;6537,238;12497,925;-1364,363;-259,063
2023-03-26;15;16687,388;6470,863;12463,688;-1577,250;-362,363
2023-03-26;16;16348,638;6343,538;12337,513;-1493,163;-296,500
2023-03-26;17;16264,500;6480,838;10767,263;-975,925;763,238
2023-03-26;18;16527,975;7502,438;8900,938;-629,325;936,963
2023-03-26;19;16724,688;8694,713;7185,238;-101,763;944,875
2023-03-26;20;18328,413;9966,113;7048,325;370,188;945,025
2023-03-26;21;18720,713;9618,538;7121,138;1043,125;944,888
2023-03-26;22;17950,438;9201,888;6947,900;862,500;944,788
2023-03-26;23;17024,150;8219,513;6715,975;1150,238;944,863
2023-03-26;24;15960,888;7482,313;6660,838;958,513;944,650
2023-03-27;1;15024,675;8348,750;6787,075;-848,413;944,988
2023-03-27;2;14550,325;8149,713;6834,763;-1130,263;944,963
2023-03-27;3;14336,488;7944,588;6921,625;-1086,950;944,875
2023-03-27;4;14386,613;7778,925;7114,563;-1041,338;945,138
2023-03-27;5;14857,025;8017,038;7598,300;-1180,150;945,250
2023-03-27;6;15993,338;8383,750;7903,625;-553,400;944,963
2023-03-27;7;18682,150;9937,338;7952,750;94,813;943,638
2023-03-27;8;20911,800;11823,425;8347,888;-192,825;933,500
2023-03-27;9;22084,150;12828,013;9102,163;-787,425;943,750
2023-03-27;10;22379,675;11521,450;10214,663;-283,425;944,975
2023-03-27;11;22272,113;10433,163;10984,625;-62,875;945,175
2023-03-27;12;22633,050;10101,300;11711,800;-81,975;944,838
2023-03-27;13;22620,938;9699,538;12284,988;-183,425;851,850
2023-03-27;14;22438,538;9039,988;12779,900;-113,850;769,025
2023-03-27;15;22054,575;9111,500;12910,788;-697,275;764,000
2023-03-27;16;21843,900;8673,775;12838,150;-397,975;764,063
2023-03-27;17;21546,250;8811,100;12287,950;-286,725;767,863
2023-03-27;18;21362,075;9667,700;10959,338;-98,838;844,050
2023-03-27;19;21566,713;11075,925;9180,538;377,313;938,413
2023-03-27;20;22720,063;13042,425;7773,400;944,688;944,663
2023-03-27;21;22949,075;13382,575;7624,988;987,113;944,600
2023-03-27;22;21418,038;12116,863;7544,463;811,500;944,663
2023-03-27;23;19825,300;10558,538;7376,163;942,238;944,675
2023-03-27;24;18547,425;9717,350;7374,963;511,825;944,363
2023-03-28;1;17336,413;9217,850;7630,250;-445,450;944,538
2023-03-28;2;16691,475;8484,750;8267,313;-873,925;945,013
2023-03-28;3;16406,463;7777,263;8772,513;-859,225;944,488
2023-03-28;4;16337,675;7922,625;8662,513;-675,750;944,688
2023-03-28;5;16705,300;8031,563;8843,675;-592,013;944,763
2023-03-28;6;17751,638;9344,075;9074,988;-1144,013;943,525
2023-03-28;7;20096,350;11484,450;9463,263;-1694,575;892,800
2023-03-28;8;22160,925;11966,363;10348,825;-497,875;339,863
2023-03-28;9;22848,763;11462,125;11499,025;-1,863;-105,725
2023-03-28;10;23010,600;10542,713;13076,100;-609,550;38,863
2023-03-28;11;22788,400;9079,650;14425,950;-329,338;256,288
2023-03-28;12;22835,363;8638,425;14930,863;-223,475;451,550
2023-03-28;13;22764,825;9123,113;15451,488;-1230,950;438,800
2023-03-28;14;22860,225;9448,925;15965,500;-1859,363;350,338
2023-03-28;15;22550,763;8740,388;16318,600;-1812,213;350,513
2023-03-28;16;22235,825;8346,850;15937,275;-1335,100;349,800
2023-03-28;17;22159,088;8556,725;15044,513;-969,650;438,725
2023-03-28;18;22005,263;9964,275;13112,250;-1531,750;550,588
2023-03-28;19;22304,613;12394,575;10904,075;-1766,550;760,338
2023-03-28;20;23220,975;14138,775;9089,338;-950,925;910,663
2023-03-28;21;23567,313;14932,388;8279,663;-569,800;934,650
2023-03-28;22;22038,300;13551,263;7895,188;-328,675;924,188
2023-03-28;23;20505,238;12628,413;7732,663;-595,938;750,775
2023-03-28;24;19107,613;11300,488;7641,813;-673,875;854,925
2023-03-29;1;17910,863;10317,900;7506,288;-697,825;796,450
2023-03-29;2;17498,888;10159,425;7482,750;-893,850;764,750
2023-03-29;3;17247,713;10010,188;7423,950;-950,950;782,500
2023-03-29;4;17133,275;9827,825;7288,900;-889,175;919,775
2023-03-29;5;17558,313;10309,150;7302,175;-912,188;869,613
2023-03-29;6;18552,400;10999,813;7431,275;-769,125;906,963
2023-03-29;7;20873,188;12424,463;7623,838;-82,550;918,050
2023-03-29;8;22687,325;13200,575;8888,675;-267,263;871,750
2023-03-29;9;23517,388;12404,225;10660,650;-300,588;761,125
2023-03-29;10;23013,325;12198,338;11969,050;-1743,838;606,200
2023-03-29;11;22230,525;11566,438;13015,100;-2491,850;246,975
2023-03-29;12;21817,825;10947,875;13854,788;-2163,800;-223,875
2023-03-29;13;21348,288;9817,300;14266,300;-2414,325;434,788
2023-03-29;14;21101,263;8556,625;14423,725;-1525,875;513,525
2023-03-29;15;20943,650;8351,950;13982,038;-859,863;727,238
2023-03-29;16;20889,275;9019,438;12593,438;-144,963;617,888
2023-03-29;17;21163,750;9813,175;10920,288;648,700;514,788
2023-03-29;18;21584,888;11354,325;8760,100;946,313;712,650
2023-03-29;19;21704,013;12618,813;6924,088;1239,250;915,050
2023-03-29;20;22882,113;14192,288;6635,100;1103,750;945,213
2023-03-29;21;22987,175;13848,688;7180,925;1032,988;945,500
2023-03-29;22;21529,113;12290,375;7734,475;584,613;945,475
2023-03-29;23;19932,400;11061,363;8152,038;-204,363;945,475
2023-03-29;24;18613,450;10088,613;8171,900;-570,088;945,488
2023-03-30;1;17350,600;9392,875;7800,525;-662,600;929,325
2023-03-30;2;16751,513;9764,338;7438,150;-741,025;789,638
2023-03-30;3;16457,350;9757,913;7352,875;-961,738;924,538
2023-03-30;4;16487,188;9787,113;7316,963;-754,138;768,438
2023-03-30;5;16826,288;9984,388;7141,000;-521,400;945,713
2023-03-30;6;17684,638;10388,525;7038,463;-42,275;945,063
2023-03-30;7;20006,963;11480,025;7114,000;549,550;932,250
2023-03-30;8;21880,175;12780,263;7423,200;884,488;801,775
2023-03-30;9;22834,338;12801,150;8022,613;1228,638;802,088
2023-03-30;10;22770,175;12389,000;8723,313;790,775;885,300
2023-03-30;11;22245,663;11821,975;9737,575;-35,038;776,325
2023-03-30;12;22156,763;10782,000;10603,138;90,163;833,138
2023-03-30;13;21870,300;10288,150;10497,675;356,875;763,350
2023-03-30;14;22471,750;10737,963;10534,663;669,500;567,888
2023-03-30;15;22049,125;10662,563;9601,025;896,450;917,825
2023-03-30;16;22028,888;11073,475;8846,263;1193,513;945,488
2023-03-30;17;21894,988;11610,975;8308,875;1047,300;944,488
2023-03-30;18;21749,088;12024,600;8145,538;645,400;944,488
2023-03-30;19;21645,350;12016,238;7871,488;802,713;944,550
2023-03-30;20;22337,638;12527,438;8122,738;741,700;944,638
2023-03-30;21;22377,963;12251,388;8419,850;774,700;944,663
2023-03-30;22;20847,600;11142,213;8266,213;507,450;944,050
2023-03-30;23;19298,513;10360,463;8578,800;-548,275;931,225
2023-03-30;24;17983,075;9212,150;8932,463;-953,463;942,300
2023-03-31;1;16893,963;8458,975;9007,888;-950,900;935,088
2023-03-31;2;16386,175;8356,775;8929,538;-1030,063;944,538
2023-03-31;3;16089,613;8472,775;8694,200;-1185,625;944,513
2023-03-31;4;16113,175;8602,163;8502,600;-1112,150;944,425
2023-03-31;5;16409,175;8977,388;8202,575;-972,000;944,275
2023-03-31;6;17200,213;10149,688;7892,575;-927,350;934,288
2023-03-31;7;19434,025;11446,888;7899,750;-421,813;812,188
2023-03-31;8;21160,400;12535,975;8140,113;-421,775;913,700
2023-03-31;9;21879,638;13147,313;8422,288;-376,500;710,388
2023-03-31;10;21964,050;12448,525;9037,463;-190,350;677,625
2023-03-31;11;21607,450;11750,025;9691,300;-427,938;605,600
2023-03-31;12;21497,313;10531,825;10272,013;69,538;853,313
2023-03-31;13;21676,238;10604,388;10527,588;654,813;263,600
2023-03-31;14;21621,163;10988,425;10220,375;717,538;-68,238
2023-03-31;15;21705,275;11394,375;9543,888;807,538;290,338
2023-03-31;16;21320,463;11649,188;8374,450;425,150;896,150
2023-03-31;17;21456,988;12300,988;7787,800;437,575;945,513
2023-03-31;18;21286,250;12269,625;6874,450;1210,050;944,850
2023-03-31;19;21403,500;12724,200;6415,438;1338,088;942,688
2023-03-31;20;22159,388;13384,850;6113,800;1721,963;944,025
2023-03-31;21;22176,663;13633,538;5978,275;1624,900;944,388
2023-03-31;22;20811,538;12482,400;6053,025;1338,438;944,675
2023-03-31;23;19257,738;11455,988;6210,875;666,375;944,775
2023-03-31;24;17966,613;10156,500;6326,938;590,300;944,575
