Data;Godzina;Krajowe zapotrzebowanie na moc;Sumaryczna generacja JWCD;Generacja PI;Generacja IRZ;Sumaryczna generacja nJWCD;Krajowe saldo wymiany miêdzysystemowej równoleg³ej;Krajowe saldo wymiany miêdzysystemowej nierównoleg³ej
2020-12-01;1;18386,100;10511,988;-639,263;0,000;7281,100;266,550;967,638
2020-12-01;2;17770,738;10640,788;-957,275;0,000;7264,450;-2,600;828,788
2020-12-01;3;17537,300;10610,000;-953,263;0,000;7402,150;-310,013;789,075
2020-12-01;4;17595,750;10694,013;-949,238;0,000;7499,450;-517,138;868,738
2020-12-01;5;17984,338;10696,738;-944,738;0,000;7586,275;-291,450;934,188
2020-12-01;6;18765,425;10631,138;-819,025;0,000;7532,275;541,388;876,613
2020-12-01;7;21288,900;12091,800;-49,938;2,025;7503,288;1085,450;658,050
2020-12-01;8;23188,450;14609,175;-7,363;43,438;7489,150;863,225;234,713
2020-12-01;9;24437,325;15567,413;10,513;121,338;7587,188;955,488;332,038
2020-12-01;10;25035,413;16126,288;12,613;177,425;7744,738;1006,363;154,250
2020-12-01;11;24898,225;15801,063;33,975;228,788;7752,250;713,700;636,850
2020-12-01;12;24943,500;15980,675;255,175;228,913;7559,750;849,663;555,013
2020-12-01;13;25042,750;16390,163;387,838;230,813;7396,025;904,413;357,263
2020-12-01;14;24969,113;16578,063;261,938;230,188;7178,050;941,288;269,463
2020-12-01;15;24596,800;16271,988;54,388;231,200;6955,788;943,263;424,050
2020-12-01;16;24769,088;16983,938;144,425;251,475;6782,238;945,763;58,588
2020-12-01;17;25596,550;17777,425;634,413;381,638;6837,938;918,075;55,900
2020-12-01;18;25425,163;17793,038;931,238;318,975;7028,475;374,500;226,588
2020-12-01;19;25017,688;17232,288;1014,313;229,825;7188,688;-114,063;715,900
2020-12-01;20;24743,250;16230,925;835,150;87,813;7087,000;306,450;1125,900
2020-12-01;21;23981,600;14702,013;615,838;0,000;6916,525;1167,350;1201,913
2020-12-01;22;22495,263;13976,525;281,250;0,000;6814,050;599,688;1117,338
2020-12-01;23;21034,125;11778,925;45,813;0,000;6743,963;1240,425;1287,313
2020-12-01;24;19601,813;10880,988;-338,525;0,000;6612,113;1156,450;1302,013
2020-12-02;1;18629,463;11118,325;-879,125;0,000;6482,038;914,888;1000,325
2020-12-02;2;18124,400;11412,863;-1132,413;0,000;6396,588;702,313;749,363
2020-12-02;3;17839,500;11627,913;-1128,388;0,000;6303,300;296,825;745,125
2020-12-02;4;17861,675;11557,425;-1122,900;0,000;6325,513;344,800;756,813
2020-12-02;5;18196,375;11505,488;-1118,288;0,000;6396,650;579,050;835,725
2020-12-02;6;19023,388;11910,150;-996,325;0,000;6475,463;960,188;677,375
2020-12-02;7;21659,375;13766,400;-121,338;0,000;6567,775;539,525;915,875
2020-12-02;8;23811,025;16938,100;-6,488;0,000;6739,288;-403,663;542,100
2020-12-02;9;25196,488;17761,925;10,600;0,000;7147,750;-321,500;605,663
2020-12-02;10;25742,325;18187,563;13,113;0,000;7289,075;-33,913;310,875
2020-12-02;11;25768,688;17949,913;85,875;0,000;7421,838;-246,613;653,275
2020-12-02;12;26053,588;18063,838;286,200;0,000;7355,213;143,513;490,600
2020-12-02;13;25990,100;18222,550;323,000;0,000;7256,063;-66,725;572,625
2020-12-02;14;25832,050;18374,350;271,375;0,000;7099,675;-661,600;1018,838
2020-12-02;15;25458,963;18015,925;-7,175;0,000;7001,013;-832,313;1278,175
2020-12-02;16;25463,450;17888,400;34,163;0,000;6969,775;-726,463;1334,575
2020-12-02;17;26062,063;18595,713;653,888;0,000;7214,163;-842,075;1088,213
2020-12-02;18;25761,375;18368,788;1089,288;0,000;7310,388;-316,588;408,838
2020-12-02;19;25264,950;17848,663;1170,900;0,000;7366,538;-439,575;493,363
2020-12-02;20;25063,213;17328,863;1061,488;0,000;7368,325;-478,638;860,500
2020-12-02;21;24356,975;15426,063;489,138;0,000;7269,025;393,250;1294,175
2020-12-02;22;22827,713;13938,400;56,800;0,000;7180,975;399,863;1336,513
2020-12-02;23;21281,825;12009,838;-10,300;0,000;7145,763;812,338;1328,788
2020-12-02;24;19985,625;11299,513;-210,638;0,000;7162,863;643,000;1098,750
2020-12-03;1;19014,125;11838,138;-960,263;0,000;7203,275;394,875;534,175
2020-12-03;2;18439,825;11800,950;-1293,563;0,000;7323,925;263,413;346,663
2020-12-03;3;18199,225;11697,750;-1336,763;0,000;7344,325;124,988;367,338
2020-12-03;4;18235,588;11603,663;-1330,288;0,000;7390,013;146,550;422,700
2020-12-03;5;18545,588;11513,750;-1266,588;0,000;7527,888;233,450;538,025
2020-12-03;6;19382,825;12305,250;-733,125;0,000;7627,050;-569,188;753,588
2020-12-03;7;21758,388;13844,313;-297,400;0,000;7874,225;-406,213;738,838
2020-12-03;8;23714,813;15734,600;-9,488;0,000;7895,200;-795,850;889,275
2020-12-03;9;24978,225;16796,138;7,563;0,000;7949,450;-685,000;921,088
2020-12-03;10;25493,738;16791,263;11,788;0,000;8071,100;-669,500;1312,663
2020-12-03;11;25526,838;16927,813;13,263;0,000;8234,613;-955,175;1331,388
2020-12-03;12;25824,375;16940,650;36,563;0,000;8359,913;-784,925;1326,850
2020-12-03;13;25922,150;16941,763;302,888;0,000;8394,975;-723,363;1327,438
2020-12-03;14;25816,750;16596,363;315,413;0,000;8374,213;-467,538;1328,500
2020-12-03;15;25332,050;16305,275;32,938;0,000;8291,913;-586,700;1329,075
2020-12-03;16;25391,300;16344,200;41,825;0,000;8481,475;-768,775;1340,625
2020-12-03;17;25973,938;16638,325;832,000;0,000;8710,288;-717,650;1336,100
2020-12-03;18;25679,938;16287,038;993,550;0,000;8755,713;-681,475;1321,938
2020-12-03;19;25261,613;15735,538;926,263;0,000;8826,025;-516,063;1226,625
2020-12-03;20;25023,413;15212,750;900,850;0,000;9081,438;-581,800;1330,213
2020-12-03;21;24497,925;14739,688;810,588;0,000;8981,125;-535,950;1321,488
2020-12-03;22;22979,825;12713,700;290,738;0,000;8791,375;301,888;1189,675
2020-12-03;23;21493,125;11060,125;-12,400;0,000;8737,788;724,850;993,225
2020-12-03;24;20132,888;10237,500;-13,038;0,000;8719,813;475,488;732,925
2020-12-04;1;19043,450;10098,550;-121,363;0,000;8600,250;-325,188;810,588
2020-12-04;2;18337,213;10432,850;-777,138;0,000;8539,950;-536,338;690,275
2020-12-04;3;18019,050;10284,675;-985,638;0,000;8588,850;-537,050;677,063
2020-12-04;4;18027,075;10219,300;-990,888;0,000;8597,275;-878,938;1088,688
2020-12-04;5;18300,300;10400,375;-988,225;0,000;8595,175;-779,688;1082,813
2020-12-04;6;18948,925;10516,100;-952,463;0,000;8745,225;-525,463;1176,925
2020-12-04;7;21226,050;11695,688;-129,250;0,000;8931,375;-578,713;1316,763
2020-12-04;8;23289,663;13494,188;-5,838;0,000;9342,538;-860,113;1325,088
2020-12-04;9;24548,425;13803,325;-5,925;0,000;9759,575;-335,163;1330,575
2020-12-04;10;24862,938;14004,600;11,588;0,000;9828,213;-297,013;1338,263
2020-12-04;11;24761,025;14168,425;39,763;0,000;9837,500;-570,475;1337,850
2020-12-04;12;25023,275;14232,113;288,850;0,000;10051,738;-587,963;1338,288
2020-12-04;13;24724,775;14048,650;335,813;0,000;9893,625;-526,475;1328,225
2020-12-04;14;24603,163;13938,963;484,475;0,000;9593,013;-240,825;1329,563
2020-12-04;15;24096,900;13889,100;404,225;0,000;9276,100;-375,300;1320,563
2020-12-04;16;24033,700;13589,963;163,513;0,000;9316,288;-196,113;1334,900
2020-12-04;17;24718,700;14196,375;372,013;0,000;9486,950;-308,388;1348,875
2020-12-04;18;24438,575;13384,300;366,638;0,000;9683,988;43,713;1336,400
2020-12-04;19;24033,600;12927,088;428,663;0,000;9521,438;250,638;1340,663
2020-12-04;20;23785,288;13121,538;487,075;0,000;9361,238;-17,300;1334,100
2020-12-04;21;23060,113;12442,475;462,688;0,000;9282,575;100,925;1258,588
2020-12-04;22;21588,988;11315,300;167,350;0,000;9258,713;59,425;984,163
2020-12-04;23;20096,763;10060,325;-9,888;0,000;9274,963;-189,650;976,238
2020-12-04;24;18900,750;9433,225;-12,838;0,000;9295,825;-522,450;720,713
2020-12-05;1;17808,913;8655,488;-90,375;0,000;9301,488;-390,788;344,775
2020-12-05;2;17165,463;8389,325;-645,013;0,000;9349,975;-399,550;486,713
2020-12-05;3;16738,213;8138,538;-820,175;0,000;9592,638;-720,213;559,088
2020-12-05;4;16675,438;8049,888;-817,988;0,000;9754,313;-864,100;558,700
2020-12-05;5;16798,925;8103,113;-816,213;0,000;9930,663;-823,488;412,300
2020-12-05;6;17066,150;8433,550;-814,313;0,000;9892,800;-788,513;352,850
2020-12-05;7;18201,500;8709,950;-499,725;0,000;10053,650;-487,538;434,513
2020-12-05;8;19050,500;8789,538;-15,625;0,000;10309,113;-790,088;772,488
2020-12-05;9;20166,650;8956,850;-7,238;0,000;10674,700;-83,600;642,125
2020-12-05;10;21245,938;9536,013;129,488;0,000;10688,913;-3,450;1041,100
2020-12-05;11;21704,013;9574,850;252,750;0,000;10796,225;245,350;1104,988
2020-12-05;12;21752,700;9683,363;279,763;0,000;10700,038;267,863;1118,413
2020-12-05;13;21537,775;9438,613;260,513;0,000;10395,750;621,025;1101,775
2020-12-05;14;21323,163;9280,800;293,200;0,000;9976,263;984,100;1099,825
2020-12-05;15;20846,600;9393,000;225,900;0,000;9571,113;765,200;1128,025
2020-12-05;16;20972,338;9887,725;197,575;0,000;9339,325;575,525;1184,463
2020-12-05;17;21785,638;10822,250;322,000;0,000;9310,488;541,500;1125,688
2020-12-05;18;21590,075;11081,713;453,438;0,000;9418,950;94,363;1013,925
2020-12-05;19;21239,425;10932,675;533,150;0,000;9216,475;-67,088;1174,488
2020-12-05;20;20941,013;10777,275;362,500;0,000;9089,825;-8,738;1104,750
2020-12-05;21;20214,938;9752,225;154,050;0,000;9018,975;590,938;879,438
2020-12-05;22;19122,363;9119,375;2,100;0,000;8890,738;394,813;744,050
2020-12-05;23;18049,963;8673,350;127,775;0,000;8914,338;-262,450;749,925
2020-12-05;24;17039,188;8049,738;82,463;0,000;8936,813;-612,988;692,363
2020-12-06;1;16030,775;7532,375;-13,263;0,000;9035,375;-831,238;310,650
2020-12-06;2;15382,163;7312,400;-45,525;0,000;9180,075;-1276,700;213,463
2020-12-06;3;15000,563;7177,788;-300,900;0,000;9415,413;-1494,600;206,738
2020-12-06;4;14920,300;7150,688;-581,188;0,000;9560,225;-1417,538;209,225
2020-12-06;5;14929,288;7314,300;-791,275;0,000;9762,600;-1569,200;215,775
2020-12-06;6;15117,475;7204,050;-788,163;0,000;9873,425;-1392,488;219,175
2020-12-06;7;15732,213;7452,300;-787,088;0,000;10060,088;-1210,663;218,800
2020-12-06;8;16041,688;7561,563;-710,075;0,000;10185,950;-1196,763;201,225
2020-12-06;9;17080,850;7332,625;-260,350;0,000;10579,625;-801,500;230,725
2020-12-06;10;18219,550;7872,563;8,425;0,000;10888,225;-913,313;378,575
2020-12-06;11;18918,525;8460,188;11,150;0,000;10986,663;-1307,400;790,425
2020-12-06;12;19118,200;8719,013;11,125;0,000;10856,550;-1331,913;890,263
2020-12-06;13;19167,463;8608,500;18,850;0,000;10873,050;-1187,913;895,313
2020-12-06;14;19161,775;7970,125;208,863;0,000;10838,688;-524,275;893,563
2020-12-06;15;18962,700;8014,000;214,038;0,000;10556,938;-491,800;897,213
2020-12-06;16;18987,925;8388,150;279,500;0,000;10482,438;-762,688;887,713
2020-12-06;17;19786,263;9008,425;675,438;0,000;10634,125;-728,525;872,063
2020-12-06;18;19951,563;9696,200;674,200;0,000;10787,513;-1272,400;743,200
2020-12-06;19;19976,888;9392,450;619,913;0,000;10793,700;-1088,625;886,463
2020-12-06;20;20051,188;9017,650;510,575;0,000;10791,850;-644,938;892,725
2020-12-06;21;19527,538;8617,050;260,863;0,000;10716,613;-677,000;882,638
2020-12-06;22;18712,288;8080,500;109,463;0,000;10685,413;-909,738;865,650
2020-12-06;23;18026,863;7903,825;-9,275;0,000;10621,700;-1200,263;719,613
2020-12-06;24;16966,075;7256,725;-147,238;0,000;10552,250;-1372,150;686,950
2020-12-07;1;16169,375;7166,825;-853,163;0,000;10466,575;-835,800;232,038
2020-12-07;2;15717,988;6975,588;-1204,613;0,000;10467,575;-710,938;196,925
2020-12-07;3;15591,575;7018,013;-1271,225;0,000;10479,588;-833,875;200,338
2020-12-07;4;15649,700;7236,000;-1363,088;0,000;10416,000;-831,838;193,988
2020-12-07;5;16020,875;7676,525;-1176,788;0,000;10297,850;-960,900;187,150
2020-12-07;6;17252,338;8141,900;-689,863;0,000;10384,988;-759,575;183,000
2020-12-07;7;20289,500;9563,863;-87,888;0,000;10631,313;-169,275;360,938
2020-12-07;8;22536,338;12306,588;154,963;0,000;10802,825;-967,300;402,125
2020-12-07;9;23904,388;12882,688;180,488;0,000;10920,425;-645,538;747,075
2020-12-07;10;24505,150;13545,325;156,000;0,000;11034,875;-775,713;700,050
2020-12-07;11;24606,213;13386,188;238,288;0,000;11201,050;-824,700;858,463
2020-12-07;12;24951,788;13724,038;380,963;0,000;11115,575;-745,300;867,313
2020-12-07;13;24904,913;13693,550;400,838;0,000;10894,225;-653,025;966,700
2020-12-07;14;24812,500;13665,250;581,413;0,000;10425,650;-352,925;1077,625
2020-12-07;15;24571,913;13908,350;168,650;0,000;10086,213;-505,013;1073,588
2020-12-07;16;24562,513;13986,150;129,613;0,000;9758,025;-247,538;1080,163
2020-12-07;17;25312,963;14780,963;176,288;0,000;9775,188;-328,338;1090,313
2020-12-07;18;25066,800;14154,925;329,938;0,000;9874,925;-113,350;1165,713
2020-12-07;19;24579,788;13699,038;447,688;0,000;9772,225;-32,425;1149,663
2020-12-07;20;24471,525;13707,863;540,075;0,000;9663,038;-52,288;1170,750
2020-12-07;21;23811,375;12976,775;532,250;0,000;9430,475;160,925;1264,813
2020-12-07;22;22228,700;11806,225;258,838;0,000;9208,213;-15,750;1256,925
2020-12-07;23;20758,913;10339,875;89,725;0,000;8909,138;283,025;1245,450
2020-12-07;24;19425,050;9625,325;-135,650;0,000;8822,325;71,250;1057,650
2020-12-08;1;18413,263;9842,425;-440,938;0,000;8820,538;-504,163;706,400
2020-12-08;2;17840,163;9806,775;-979,600;0,000;8872,663;-584,225;728,363
2020-12-08;3;17574,700;9734,425;-1267,175;0,000;8993,425;-614,900;733,338
2020-12-08;4;17605,888;9938,488;-1278,163;0,000;8947,813;-685,863;688,975
2020-12-08;5;17947,963;10147,138;-1271,163;0,000;8936,325;-390,700;533,700
2020-12-08;6;18839,663;10812,825;-1240,688;0,000;9089,113;-24,138;203,363
2020-12-08;7;21374,488;11907,875;-352,163;0,000;9266,238;154,213;396,900
2020-12-08;8;23458,638;14208,850;-6,563;0,000;9450,988;-1070,750;877,738
2020-12-08;9;24739,775;15401,488;-6,000;0,000;9661,013;-1043,975;721,113
2020-12-08;10;25401,738;15404,438;11,513;0,000;9731,450;-630,138;903,650
2020-12-08;11;25319,375;15140,288;47,225;0,000;9765,588;-609,950;1038,850
2020-12-08;12;25585,525;15442,163;296,875;0,000;9654,563;-594,063;1094,275
2020-12-08;13;25459,488;15798,675;300,063;0,000;9532,650;-711,450;845,325
2020-12-08;14;25330,088;15630,450;303,625;0,000;9242,588;-425,975;901,688
2020-12-08;15;24851,750;15616,875;315,838;0,000;9043,738;-624,213;829,325
2020-12-08;16;25003,888;15964,775;321,050;0,000;9000,013;-730,788;780,725
2020-12-08;17;25629,063;16395,000;494,750;0,000;9097,188;-888,525;1032,125
2020-12-08;18;25208,975;16157,963;642,125;0,000;9221,513;-804,800;633,113
2020-12-08;19;24757,413;15080,000;693,913;0,000;9233,375;-498,038;944,150
2020-12-08;20;24637,125;14694,263;659,863;0,000;9120,200;-410,225;1239,388
2020-12-08;21;24054,288;14010,575;485,150;0,000;8887,963;-19,338;1205,800
2020-12-08;22;22601,325;12938,275;17,638;0,000;8540,825;20,288;1127,788
2020-12-08;23;20887,975;11086,488;-10,550;0,000;8453,038;341,388;1026,925
2020-12-08;24;19636,900;10245,975;-10,975;0,000;8456,925;38,100;921,488
2020-12-09;1;18562,938;10207,013;-189,100;0,000;8576,675;-266,013;235,588
2020-12-09;2;17977,488;10305,600;-973,275;0,000;8656,888;-185,225;181,263
2020-12-09;3;17643,238;10460,025;-1406,425;0,000;8687,363;-265,550;175,425
2020-12-09;4;17879,825;10339,863;-1397,425;0,000;8776,438;-23,263;188,238
2020-12-09;5;18179,188;10669,313;-1390,213;0,000;8889,600;-187,213;204,300
2020-12-09;6;18953,338;10673,113;-1024,150;0,000;8921,650;-91,938;478,450
2020-12-09;7;21439,750;11721,338;-66,138;0,000;8948,650;243,463;596,150
2020-12-09;8;23722,275;15335,713;66,750;0,000;8932,963;-1335,113;798,988
2020-12-09;9;24904,913;17121,200;-7,438;0,000;8967,250;-1355,513;178,000
2020-12-09;10;25440,950;17348,325;9,663;0,000;8916,863;-863,900;56,363
2020-12-09;11;25509,438;16424,163;-6,075;0,000;8921,238;-797,688;974,813
2020-12-09;12;25906,113;16689,425;76,113;0,000;8826,025;-658,988;1057,413
2020-12-09;13;26007,475;17597,200;425,138;0,000;8590,050;-437,863;270,625
2020-12-09;14;25873,563;17876,163;436,450;0,000;8372,575;-374,950;14,150
2020-12-09;15;25475,850;17709,700;439,913;0,000;8247,825;-454,675;-18,975
2020-12-09;16;25491,738;17775,138;396,850;0,000;8183,375;-433,663;-23,850
2020-12-09;17;25897,050;18393,263;530,025;0,000;8250,225;-780,975;32,938
2020-12-09;18;25655,463;17729,075;422,550;0,000;8381,900;-465,563;0,688
2020-12-09;19;25107,188;16824,888;534,225;0,000;8419,400;-396,175;278,813
2020-12-09;20;24856,775;16090,563;685,450;0,000;8124,750;-260,838;927,300
2020-12-09;21;24205,425;15306,775;829,425;0,000;7904,200;-227,188;1243,338
2020-12-09;22;22826,575;14004,813;488,988;0,000;7795,350;-209,800;1260,338
2020-12-09;23;21202,438;11593,138;2,025;0,000;7518,338;936,700;1260,763
2020-12-09;24;19829,925;11033,863;-672,425;0,000;7246,825;1078,888;1154,525
2020-12-10;1;18841,275;11310,788;-898,000;0,000;7154,425;554,150;712,000
2020-12-10;2;18173,338;11529,213;-997,688;0,000;7055,225;-46,700;632,563
2020-12-10;3;17937,238;11548,450;-1044,625;0,000;7017,375;-295,625;713,088
2020-12-10;4;17998,063;11557,750;-1122,813;0,000;6922,613;-9,313;653,188
2020-12-10;5;18206,238;11527,138;-1118,575;0,000;6909,500;259,113;636,588
2020-12-10;6;18947,250;11888,550;-1019,075;3,050;6928,600;290,438;867,238
2020-12-10;7;21496,163;13011,400;-156,525;44,213;7006,450;673,025;965,300
2020-12-10;8;23651,138;16014,563;-7,500;137,188;7078,775;-280,613;839,625
2020-12-10;9;25056,888;17647,750;-7,325;219,788;7154,388;3,038;260,325
2020-12-10;10;25904,825;18159,600;10,238;230,525;7193,413;277,975;285,650
2020-12-10;11;26114,738;17961,100;139,425;229,875;7140,150;658,738;376,900
2020-12-10;12;26532,275;18542,788;294,538;248,963;7087,300;483,613;437,400
2020-12-10;13;26532,363;18502,963;324,788;288,438;7014,450;343,488;687,575
2020-12-10;14;26477,188;18317,513;323,188;230,150;6910,163;614,825;649,950
2020-12-10;15;25996,788;17994,488;131,550;229,950;6779,200;632,075;589,813
2020-12-10;16;25890,313;18221,850;174,038;229,900;6587,100;494,625;590,363
2020-12-10;17;26127,438;18556,750;502,288;229,663;6466,175;462,363;649,450
2020-12-10;18;25750,450;18253,463;659,650;230,850;6404,400;475,763;638,938
2020-12-10;19;25297,800;18143,475;727,438;230,263;6387,275;540,413;244,775
2020-12-10;20;24949,875;17097,650;793,125;232,313;6297,113;420,638;1148,100
2020-12-10;21;24238,550;15369,513;708,900;231,063;6227,050;1393,238;1263,938
2020-12-10;22;22739,325;13858,163;522,388;189,250;6189,325;1448,925;1263,175
2020-12-10;23;21144,825;12065,488;121,700;15,413;6140,138;1691,950;1263,338
2020-12-10;24;19850,163;11130,150;-56,288;0,000;5980,150;1540,950;1268,000
2020-12-11;1;18762,300;10954,300;-748,325;0,000;5908,600;1401,763;1252,000
2020-12-11;2;18226,350;11091,213;-1084,838;0,000;5882,513;1089,663;1252,200
2020-12-11;3;17827,563;11025,250;-1080,525;0,000;5819,463;893,738;1178,438
2020-12-11;4;17825,425;10812,075;-1075,750;0,000;5793,738;1220,863;1084,538
2020-12-11;5;18176,438;10828,075;-1071,763;0,000;5767,688;1449,888;1212,463
2020-12-11;6;19016,313;12018,313;-985,388;0,000;5792,625;1331,938;863,538
2020-12-11;7;21570,775;14375,113;-305,063;0,000;5855,800;1125,213;522,550
2020-12-11;8;23683,675;16034,013;-3,975;0,000;6045,113;974,925;631,775
2020-12-11;9;24803,600;16638,175;-3,363;0,000;6304,113;1058,713;802,638
2020-12-11;10;25541,375;17179,350;14,825;0,000;6474,663;1050,350;836,375
2020-12-11;11;25540,600;16672,275;260,850;0,000;6693,575;1083,988;1095,675
2020-12-11;12;25876,163;16738,188;328,250;0,000;6840,925;1287,463;1010,250
2020-12-11;13;25740,638;16826,900;339,225;0,000;6843,750;1231,725;841,163
2020-12-11;14;25528,338;16780,063;361,288;0,000;6707,638;1046,088;1006,500
2020-12-11;15;25004,563;16388,538;-7,363;0,000;6696,438;1110,788;822,113
2020-12-11;16;25206,638;16229,150;-6,575;0,000;6869,688;1422,263;696,288
2020-12-11;17;25709,013;16275,963;11,413;0,000;7100,100;1404,563;928,138
2020-12-11;18;25289,000;15602,875;340,875;0,000;7237,863;1387,525;1065,038
2020-12-11;19;24917,963;15049,138;538,363;0,000;7329,538;1401,025;1143,638
2020-12-11;20;24638,388;14541,638;587,325;0,000;7404,800;1423,763;1271,263
2020-12-11;21;23872,713;14062,913;156,313;0,000;7344,913;1187,150;1292,675
2020-12-11;22;22348,575;12401,913;0,300;0,000;7306,425;1364,463;1293,650
2020-12-11;23;20846,563;10854,000;-8,275;0,000;7446,575;1295,738;1275,600
2020-12-11;24;19639,675;9934,325;-225,738;0,000;7422,513;1274,088;1250,763
2020-12-12;1;18679,813;10483,013;-55,250;0,000;7322,550;209,113;721,675
2020-12-12;2;17935,188;10410,725;-190,238;0,000;7362,600;-81,425;437,125
2020-12-12;3;17431,963;10456,600;-483,438;0,000;7260,763;-265,075;466,938
2020-12-12;4;17282,088;10377,438;-481,825;0,000;7118,488;-199,113;466,313
2020-12-12;5;17414,275;10507,700;-481,213;0,000;7138,238;-51,363;305,325
2020-12-12;6;17712,313;10391,475;-479,800;0,000;7139,388;295,675;371,163
2020-12-12;7;18734,250;10510,350;-152,600;0,000;7300,438;421,125;653,775
2020-12-12;8;19760,013;11009,875;-10,475;0,000;7471,963;390,775;896,288
2020-12-12;9;21008,625;12157,563;-9,875;0,000;7638,425;-38,775;1260,738
2020-12-12;10;22174,613;13036,713;9,063;0,000;7901,000;-36,638;1289,350
2020-12-12;11;22661,813;13527,700;14,288;0,000;7906,525;-56,475;1292,288
2020-12-12;12;23004,288;13724,613;31,438;0,000;7814,800;183,200;1292,750
2020-12-12;13;22895,825;13760,063;136,600;0,000;7630,925;227,900;1296,375
2020-12-12;14;22716,525;13804,763;255,300;0,000;7273,100;358,463;1291,338
2020-12-12;15;22047,413;13672,988;130,000;0,000;7060,550;275,225;1053,325
2020-12-12;16;22167,125;14168,563;27,725;0,000;6861,413;312,825;828,638
2020-12-12;17;22773,025;14927,750;365,250;0,000;6867,038;181,313;798,125
2020-12-12;18;22398,575;13592,788;363,925;0,000;6800,263;1265,050;745,675
2020-12-12;19;22078,825;13104,175;379,413;0,000;6668,438;1443,938;869,413
2020-12-12;20;21760,088;12314,425;222,625;0,000;6666,700;1591,288;1205,488
2020-12-12;21;21061,513;11488,025;58,075;0,000;6617,625;1680,325;1297,113
2020-12-12;22;19878,938;10587,438;-11,475;0,000;6457,475;1564,313;1290,750
2020-12-12;23;18799,150;10044,125;-11,338;0,000;6224,363;1272,738;1279,450
2020-12-12;24;17684,675;9847,463;-10,500;0,000;6088,913;766,063;1001,175
2020-12-13;1;16625,488;9536,150;-108,800;0,000;5969,200;534,563;696,975
2020-12-13;2;16001,250;9691,988;-399,000;0,000;5881,663;284,688;546,063
2020-12-13;3;15720,350;9797,338;-423,350;0,000;5812,988;-56,600;590,338
2020-12-13;4;15421,513;9748,550;-415,213;0,000;5757,300;-205,525;538,575
2020-12-13;5;15473,738;9666,138;-358,188;0,000;5727,375;4,375;441,763
2020-12-13;6;15648,463;9613,025;-357,813;0,000;5682,563;240,263;473,425
2020-12-13;7;16230,963;9576,400;-173,125;0,000;5674,413;395,313;755,525
2020-12-13;8;16580,463;9641,038;-11,600;0,000;5673,738;361,288;916,950
2020-12-13;9;17379,300;9836,000;-177,200;0,000;5831,013;832,075;1059,525
2020-12-13;10;18734,988;10187,375;-30,613;0,000;6002,150;1306,100;1272,825
2020-12-13;11;19644,113;10779,025;-6,113;0,000;6058,350;1550,113;1259,813
2020-12-13;12;20080,900;11366,138;-6,288;0,000;6094,425;1470,963;1155,613
2020-12-13;13;20275,575;11392,125;11,488;0,000;5998,925;1764,250;1132,638
2020-12-13;14;20182,100;11503,563;14,175;0,000;5860,025;1776,238;1052,363
2020-12-13;15;19930,813;11726,763;-3,475;0,000;5631,500;1588,163;991,250
2020-12-13;16;20038,475;12293,225;14,538;0,000;5545,088;1593,213;616,650
2020-12-13;17;20695,100;13504,350;321,813;0,000;5583,175;1279,913;332,450
2020-12-13;18;20672,063;13791,013;295,375;0,000;5706,713;1219,063;-35,450
2020-12-13;19;20647,600;13260,300;283,488;0,000;5711,675;1383,125;304,400
2020-12-13;20;20572,788;12614,438;14,600;0,000;5726,175;1319,625;923,313
2020-12-13;21;19979,700;11562,975;-6,325;0,000;5697,275;1445,913;1285,975
2020-12-13;22;19080,838;10777,900;-6,338;0,000;5657,188;1444,288;1215,300
2020-12-13;23;18354,288;10333,825;-67,138;0,000;5662,938;1300,850;1132,813
2020-12-13;24;17389,313;9850,400;-496,638;0,000;5632,063;1197,075;1222,775
2020-12-14;1;16559,813;10440,500;-258,813;0,000;5595,575;70,663;715,663
2020-12-14;2;16100,113;10693,100;-395,125;0,000;5594,375;-114,650;332,363
2020-12-14;3;15798,650;10497,488;-412,050;0,000;5564,200;-184,363;339,788
2020-12-14;4;15882,300;10552,850;-411,563;0,000;5563,988;-103,213;290,225
2020-12-14;5;16310,875;10912,588;-410,525;0,000;5594,013;-83,913;306,775
2020-12-14;6;17457,113;11864,375;-353,175;9,813;5656,138;-20,013;315,050
2020-12-14;7;20557,850;14413,938;-100,088;63,963;5787,825;169,950;292,700
2020-12-14;8;22960,863;16646,538;11,350;162,713;6036,950;37,375;247,675
2020-12-14;9;24379,538;17591,450;13,925;224,125;6330,500;233,600;242,988
2020-12-14;10;25060,900;17732,950;13,550;230,538;6517,800;473,925;358,113
2020-12-14;11;24987,450;17018,750;152,988;231,300;6631,850;776,838;566,275
2020-12-14;12;25085,388;17083,800;352,200;230,975;6620,375;654,013;733,838
2020-12-14;13;25188,400;17279,075;382,238;231,075;6619,500;805,388;502,888
2020-12-14;14;25167,288;17417,488;377,450;230,763;6474,163;816,325;473,275
2020-12-14;15;24714,213;17084,075;375,925;230,313;6407,888;788,588;447,863
2020-12-14;16;24840,900;16927,038;373,550;229,963;6637,450;811,150;478,750
2020-12-14;17;25484,513;17050,550;442,300;229,813;7220,163;617,850;607,438
2020-12-14;18;25143,800;16137,588;491,488;230,150;7599,738;807,900;613,625
2020-12-14;19;24742,300;15495,938;667,650;230,975;7565,700;1118,863;574,450
2020-12-14;20;24458,275;14962,700;498,125;138,350;7689,438;1146,613;681,175
2020-12-14;21;23981,388;14151,388;195,988;120,738;7758,363;1138,725;956,350
2020-12-14;22;22488,025;13045,113;91,088;15,138;7556,150;1220,238;698,013
2020-12-14;23;20865,838;11374,550;13,925;0,000;7251,938;1267,800;986,325
2020-12-14;24;19618,350;10844,638;-47,938;0,000;7110,025;583,563;1141,338
2020-12-15;1;18572,625;10854,600;-545,050;0,000;7002,325;640,600;623,975
2020-12-15;2;17952,000;10869,713;-781,488;0,000;7148,888;133,963;591,000
2020-12-15;3;17699,375;10930,888;-879,400;0,000;7298,800;-201,150;552,163
2020-12-15;4;17603,800;10708,350;-875,913;0,000;7251,188;-22,988;548,900
2020-12-15;5;18011,125;10857,825;-939,713;0,000;7185,600;303,075;608,813
2020-12-15;6;18860,125;11404,825;-950,413;0,000;7221,750;596,138;590,875
2020-12-15;7;21459,025;12611,413;-149,263;0,000;7506,125;683,713;816,913
2020-12-15;8;23639,588;14192,388;-7,050;0,000;7768,938;615,300;1064,925
2020-12-15;9;24818,850;15131,575;-7,275;0,000;8124,838;470,400;1100,350
2020-12-15;10;24977,050;15342,800;10,100;0,000;8177,138;437,063;1036,913
2020-12-15;11;24868,350;14863,063;12,650;0,000;8219,450;527,475;1272,963
2020-12-15;12;25105,200;15189,338;12,425;0,000;8203,888;430,875;1296,225
2020-12-15;13;25178,875;15280,963;-5,313;0,000;8175,113;458,825;1290,025
2020-12-15;14;25309,350;15499,688;-7,888;0,000;8152,050;377,175;1294,050
2020-12-15;15;24800,450;15402,563;-7,025;52,475;7899,838;217,850;1287,388
2020-12-15;16;24934,713;15405,600;140,988;122,263;7973,200;287,950;1287,488
2020-12-15;17;25626,788;15487,838;674,750;121,075;8235,900;640,413;1272,413
2020-12-15;18;25264,938;15743,825;1063,550;120,963;8173,875;490,488;867,775
2020-12-15;19;24781,313;14420,838;917,388;121,175;7995,238;1237,763;1139,588
2020-12-15;20;24599,250;14174,750;973,188;121,300;7937,463;1248,275;1259,188
2020-12-15;21;23827,450;13470,300;899,250;121,225;7915,050;1163,700;1297,988
2020-12-15;22;22357,413;11788,900;287,250;121,050;7943,263;1343,925;1297,488
2020-12-15;23;20724,788;10524,650;-7,000;120,825;7790,288;1124,400;1298,775
2020-12-15;24;19534,738;10491,650;-387,100;120,900;7660,625;571,388;1209,425
2020-12-16;1;18438,563;10864,150;-1050,100;121,038;7400,400;330,338;896,413
2020-12-16;2;17939,200;11019,025;-1070,588;120,375;7274,388;-305,950;1020,963
2020-12-16;3;17650,625;10902,838;-1066,725;120,750;7335,488;-460,263;938,300
2020-12-16;4;17720,863;10686,050;-1062,263;121,075;7380,763;-161,838;880,263
2020-12-16;5;17920,838;10727,575;-1056,225;121,000;7251,375;-31,188;1024,150
2020-12-16;6;18647,250;11222,625;-1027,188;122,750;7112,750;623,550;713,588
2020-12-16;7;21246,275;13200,313;-179,825;175,038;6954,500;808,888;458,088
2020-12-16;8;23457,250;15618,700;-7,125;226,075;6784,575;620,825;429,963
2020-12-16;9;24466,500;16555,775;-7,825;230,275;6831,188;604,750;480,275
2020-12-16;10;25024,063;16708,813;10,625;230,538;6845,225;795,450;687,525
2020-12-16;11;24966,313;16273,650;-4,600;230,738;6718,225;754,025;1227,000
2020-12-16;12;25309,425;16688,775;-7,688;230,775;6564,363;770,788;1288,550
2020-12-16;13;25451,563;17148,163;-7,913;230,050;6389,138;750,300;1167,838
2020-12-16;14;25349,900;17251,988;247,375;231,213;6196,050;622,588;1284,200
2020-12-16;15;24879,125;16983,963;28,925;230,838;5932,463;716,900;1245,038
2020-12-16;16;24978,450;17198,100;-6,700;230,325;5847,338;650,313;1287,888
2020-12-16;17;25583,238;17646,500;105,613;230,988;5915,188;718,963;1292,375
2020-12-16;18;25240,163;17206,288;529,275;230,363;5976,863;915,325;1148,063
2020-12-16;19;24743,313;16577,338;1016,575;230,113;5953,125;1060,588;1155,125
2020-12-16;20;24593,125;16312,163;1060,800;257,500;5891,950;1098,688;1290,375
2020-12-16;21;23849,950;16058,325;1021,550;313,788;5891,750;599,150;1306,550
2020-12-16;22;22302,638;14091,688;453,175;243,088;5883,950;1028,575;1300,925
2020-12-16;23;20843,788;12284,200;9,513;122,000;5904,963;1355,900;1300,675
2020-12-16;24;19419,763;10908,088;-27,288;98,713;5872,238;1391,875;1281,000
2020-12-17;1;18365,463;10764,388;-348,800;0,000;5799,688;1165,288;985,738
2020-12-17;2;17692,913;10899,100;-967,738;0,000;5954,888;785,638;1021,450
2020-12-17;3;17419,738;10918,938;-1079,475;0,000;6192,688;567,338;821,838
2020-12-17;4;17398,563;10879,963;-1189,550;0,000;6404,950;491,475;815,313
2020-12-17;5;17813,250;10673,325;-1166,088;0,000;6649,500;849,513;806,388
2020-12-17;6;18434,063;10748,113;-876,913;0,000;6902,238;905,663;756,663
2020-12-17;7;20955,638;12411,700;-60,238;0,000;6977,225;995,950;627,325
2020-12-17;8;23185,463;14773,450;-5,475;0,000;7167,213;639,625;604,350
2020-12-17;9;24247,050;15305,725;-3,538;0,000;7476,313;856,688;608,413
2020-12-17;10;24748,250;15731,325;15,650;0,000;7668,788;749,800;598,938
2020-12-17;11;24747,600;15394,438;142,250;0,000;7890,600;474,213;994,788
2020-12-17;12;25029,500;15378,850;419,950;0,000;8085,538;431,825;1136,050
2020-12-17;13;25052,025;15566,775;606,575;0,000;8072,900;547,125;877,613
2020-12-17;14;24961,100;15431,275;560,413;0,000;7972,013;525,950;1036,738
2020-12-17;15;24566,225;15173,525;35,063;0,000;7958,975;511,388;918,625
2020-12-17;16;24586,925;15378,238;-0,500;0,000;7966,888;400,900;840,413
2020-12-17;17;25181,075;15675,938;87,988;0,000;8050,063;497,325;959,075
2020-12-17;18;25022,175;15513,325;733,875;0,000;8177,813;632,163;692,150
2020-12-17;19;24771,238;15081,675;981,938;0,000;8331,113;591,938;765,900
2020-12-17;20;24488,300;14288,613;861,238;0,000;8255,700;684,425;1257,138
2020-12-17;21;23890,800;13673,250;646,050;0,000;8080,288;852,913;1295,538
2020-12-17;22;22368,725;12417,438;72,400;0,000;7942,625;720,738;1302,838
2020-12-17;23;20942,900;11032,863;-318,638;0,000;7753,950;1162,638;1307,225
2020-12-17;24;19584,300;11160,538;-989,763;0,000;7514,238;637,325;1264,613
2020-12-18;1;18526,900;11027,300;-466,125;0,000;7367,263;-331,288;938,038
2020-12-18;2;17897,863;11189,925;-697,625;0,000;7167,163;-673,475;913,700
2020-12-18;3;17582,713;11240,875;-943,738;0,000;7070,575;-703,688;922,025
2020-12-18;4;17486,013;11240,750;-940,125;0,000;7026,163;-765,363;925,688
2020-12-18;5;17807,613;11479,138;-937,813;0,000;6916,938;-603,388;954,425
2020-12-18;6;18469,650;11484,350;-801,663;0,000;6926,900;167,025;694,863
2020-12-18;7;21018,875;12929,688;-103,275;0,000;6947,225;278,688;970,788
2020-12-18;8;23074,638;14597,525;-3,850;0,000;6981,900;447,063;1055,963
2020-12-18;9;24130,513;15142,700;-3,650;0,000;7196,575;522,575;1280,263
2020-12-18;10;24795,150;15560,863;71,300;0,000;7365,175;566,788;1310,488
2020-12-18;11;24846,888;15758,900;208,663;0,000;7221,825;570,775;1314,100
2020-12-18;12;24954,275;15880,738;266,063;0,000;7026,713;755,063;1311,013
2020-12-18;13;24794,288;15851,338;13,313;0,000;6825,463;825,025;1310,250
2020-12-18;14;24480,638;15610,763;-6,763;0,000;6665,025;918,850;1304,950
2020-12-18;15;23937,750;15446,700;-6,675;0,000;6494,188;710,813;1305,663
2020-12-18;16;24082,988;15434,388;14,775;0,000;6588,313;751,388;1317,575
2020-12-18;17;24989,463;15992,988;236,688;0,000;6984,988;710,413;1306,988
2020-12-18;18;24734,213;15476,338;219,075;0,000;7229,063;722,900;1316,625
2020-12-18;19;24416,450;14924,150;231,288;0,000;7414,713;804,575;1288,350
2020-12-18;20;24177,450;14527,888;180,225;0,000;7516,000;840,013;1314,588
2020-12-18;21;23391,263;13723,113;239,863;0,000;7552,975;818,400;1316,413
2020-12-18;22;22015,175;12472,963;311,488;0,000;7478,638;766,988;1309,213
2020-12-18;23;20625,238;10854,625;221,113;0,000;7272,200;1191,613;1316,338
2020-12-18;24;19283,725;9658,950;-6,325;0,000;7031,275;1367,788;1241,488
2020-12-19;1;18184,613;9991,325;-9,038;0,000;6944,625;383,525;885,113
2020-12-19;2;17497,600;9969,500;-10,150;0,000;6851,288;-24,175;719,088
2020-12-19;3;17182,775;9966,638;-10,050;0,000;6862,138;-264,263;635,800
2020-12-19;4;17076,225;9992,313;-10,138;0,000;6863,425;-156,888;389,288
2020-12-19;5;17200,175;10017,650;-9,975;0,000;6776,913;78,525;340,838
2020-12-19;6;17332,688;9933,475;-10,038;0,000;6616,150;324,400;471,988
2020-12-19;7;18309,225;10204,025;-10,325;0,000;6739,000;443,825;934,425
2020-12-19;8;19422,525;10791,063;-10,275;0,000;6954,600;561,663;1122,463
2020-12-19;9;20635,350;11322,663;-7,788;0,000;7207,250;891,113;1222,400
2020-12-19;10;21829,813;12083,613;12,713;0,000;7422,738;1153,038;1175,638
2020-12-19;11;22206,050;12332,400;16,688;0,000;7538,838;1174,725;1172,763
2020-12-19;12;22389,363;12468,463;16,550;0,000;7524,013;1238,388;1167,850
2020-12-19;13;22156,375;12508,750;-1,000;0,000;7409,063;1090,850;1161,613
2020-12-19;14;21977,438;12396,288;-3,638;0,000;7219,350;1195,888;1171,050
2020-12-19;15;21468,563;12145,150;-6,163;0,000;7063,600;1127,175;1146,450
2020-12-19;16;21651,775;12295,050;-6,450;0,000;7128,313;1173,650;1065,213
2020-12-19;17;22495,875;13008,313;393,675;0,000;7275,638;1184,163;1026,350
2020-12-19;18;22319,788;12961,738;731,613;0,000;7441,250;867,300;1056,463
2020-12-19;19;22098,438;12375,275;639,625;0,000;7574,088;976,200;1172,825
2020-12-19;20;21737,438;12180,988;568,663;0,000;7703,650;607,038;1250,988
2020-12-19;21;21090,113;11749,963;358,213;0,000;7745,288;358,038;1254,088
2020-12-19;22;19928,363;10972,425;153,600;0,000;7633,000;291,525;1048,175
2020-12-19;23;18823,425;10514,725;136,700;0,000;7689,113;-243,650;878,863
2020-12-19;24;17586,238;9780,238;-10,650;0,000;7575,638;4,175;246,113
2020-12-20;1;16544,488;9046,375;-210,313;0,000;7448,663;-160,725;425,875
2020-12-20;2;15837,375;8868,538;-420,825;0,000;7472,813;-576,375;493,638
2020-12-20;3;15489,325;8814,850;-582,375;0,000;7278,600;-481,125;461,225
2020-12-20;4;15362,800;8850,950;-734,588;0,000;7333,575;-538,450;454,175
2020-12-20;5;15506,525;8904,900;-735,213;0,000;7311,675;-432,125;459,863
2020-12-20;6;15736,013;9149,188;-733,200;0,000;7235,900;-369,100;452,538
2020-12-20;7;16261,038;9287,975;-647,713;0,000;7191,450;-45,338;474,375
2020-12-20;8;16747,763;9147,663;-410,063;0,000;7209,700;141,125;662,863
2020-12-20;9;17626,925;9063,025;-223,050;0,000;7367,975;240,988;1178,100
2020-12-20;10;18743,250;9443,463;13,600;0,000;7588,350;583,550;1136,763
2020-12-20;11;19410,850;9653,950;161,350;0,000;7678,013;1015,513;1071,138
2020-12-20;12;19671,450;9967,063;311,050;0,000;7650,825;1003,088;1060,563
2020-12-20;13;19657,375;10029,688;318,338;0,000;7594,088;973,375;1072,300
2020-12-20;14;19896,500;10131,950;331,513;0,000;7533,363;1168,213;1077,300
2020-12-20;15;19764,550;10230,238;36,488;0,000;7449,388;1023,875;1065,325
2020-12-20;16;19890,238;10515,288;-6,750;0,000;7505,163;844,050;1038,688
2020-12-20;17;20728,188;10843,400;166,825;0,000;7908,525;920,075;1061,388
2020-12-20;18;20778,488;10527,475;607,800;0,000;8154,663;1026,413;1069,113
2020-12-20;19;20766,550;10345,838;821,513;0,000;8224,650;1102,813;1099,488
2020-12-20;20;20689,488;10317,763;785,863;0,000;8134,313;1101,063;1143,413
2020-12-20;21;20165,625;9898,788;499,663;0,000;7989,275;1209,350;1078,438
2020-12-20;22;19351,288;9434,725;215,425;0,000;7860,125;1061,688;1005,125
2020-12-20;23;18608,488;9178,788;-12,588;0,000;7754,375;759,800;954,850
2020-12-20;24;17623,575;9187,063;-580,475;0,000;7753,413;203,338;1067,238
2020-12-21;1;16746,738;9728,250;-1010,188;0,000;7631,775;-877,188;1283,850
2020-12-21;2;16272,138;9436,400;-1135,863;0,000;7621,563;-956,138;1315,975
2020-12-21;3;16042,013;9378,800;-1148,438;0,000;7621,350;-1113,050;1309,863
2020-12-21;4;16065,400;9533,863;-1143,275;2,625;7480,638;-1103,650;1303,575
2020-12-21;5;16458,525;10068,788;-1139,438;42,213;7330,950;-983,375;1188,613
2020-12-21;6;17557,600;10745,550;-1092,925;102,200;7283,225;-157,238;782,750
2020-12-21;7;20436,138;12431,738;-252,600;120,350;7322,275;157,750;780,613
2020-12-21;8;22690,425;14094,450;-6,600;120,863;7352,863;347,775;902,275
2020-12-21;9;24041,075;15071,238;11,138;120,313;7406,375;634,313;930,975
2020-12-21;10;24782,913;15485,225;-2,075;121,213;7527,063;680,275;1092,650
2020-12-21;11;24937,813;15745,050;275,250;121,100;7501,563;592,863;1106,400
2020-12-21;12;25286,450;16380,738;585,775;120,663;7243,175;559,675;1108,550
2020-12-21;13;25136,138;16547,125;667,138;15,038;7024,475;477,950;1101,513
2020-12-21;14;25024,663;16668,688;572,363;0,000;6841,825;422,600;1096,050
2020-12-21;15;24488,825;16415,038;12,275;0,000;6622,250;363,650;1095,963
2020-12-21;16;24535,413;16292,600;9,188;0,000;6660,925;491,838;1098,538
2020-12-21;17;25161,450;16884,413;336,600;0,000;6746,400;437,138;1101,088
2020-12-21;18;24912,763;16219,538;601,588;0,000;6975,763;635,475;1092,450
2020-12-21;19;24561,463;15691,675;658,625;0,000;7122,050;660,800;1098,238
2020-12-21;20;24291,938;15397,825;635,100;0,000;7114,938;697,575;1098,600
2020-12-21;21;23604,463;14958,950;494,938;0,000;7160,113;411,313;1090,725
2020-12-21;22;22134,088;13055,463;274,875;0,000;7233,463;770,213;1084,613
2020-12-21;23;20594,163;11503,400;182,413;0,000;7286,750;870,000;952,100
2020-12-21;24;19075,700;10548,913;50,350;0,000;7309,188;359,338;877,200
2020-12-22;1;17886,638;9916,263;-9,250;0,000;7526,638;7,400;454,413
2020-12-22;2;17266,100;9471,188;-236,825;0,000;7853,563;-232,538;414,425
2020-12-22;3;16926,813;9681,950;-905,850;0,000;8251,938;-525,163;425,325
2020-12-22;4;16875,850;9618,450;-1287,988;0,000;8645,063;-505,638;410,138
2020-12-22;5;17234,013;9767,513;-1317,075;0,000;8863,063;-359,013;282,500
2020-12-22;6;17987,550;9877,238;-849,338;0,000;9098,213;-393,638;259,725
2020-12-22;7;20479,838;10889,975;-180,988;0,000;9471,538;-117,163;429,000
2020-12-22;8;22594,825;12340,138;-54,050;0,000;9933,938;6,463;380,338
2020-12-22;9;23770,550;12814,825;-4,075;0,000;10237,088;199,213;529,500
2020-12-22;10;24525,775;13201,763;154,525;0,000;10448,863;298,550;581,263
2020-12-22;11;24823,800;12938,163;192,000;0,000;10454,863;373,213;1071,663
2020-12-22;12;25343,538;13457,025;238,388;0,000;10430,038;387,338;1077,188
2020-12-22;13;25390,588;13851,200;337,763;0,000;10234,838;353,013;963,963
2020-12-22;14;25371,863;13873,675;307,338;0,000;10084,725;428,963;991,288
2020-12-22;15;24760,338;13408,750;264,075;0,000;9838,838;518,688;1001,150
2020-12-22;16;24625,663;13348,288;203,338;0,000;9776,000;531,150;972,863
2020-12-22;17;25128,438;13339,150;152,413;0,000;10014,675;752,663;1015,413
2020-12-22;18;24767,263;12926,375;339,763;0,000;10208,950;635,225;997,225
2020-12-22;19;24398,588;12465,913;353,275;0,000;10188,188;712,375;1035,063
2020-12-22;20;24123,575;12206,713;332,813;0,000;10123,113;702,113;1096,400
2020-12-22;21;23450,150;11645,763;328,425;0,000;10060,913;659,875;1099,300
2020-12-22;22;21917,613;10538,175;164,525;0,000;9825,850;549,300;1020,313
2020-12-22;23;20390,125;9652,550;147,050;0,000;9364,575;574,100;835,450
2020-12-22;24;18860,625;9519,688;-358,750;0,000;8843,250;41,613;823,275
2020-12-23;1;17715,375;10184,225;-851,675;0,000;8512,363;-832,550;708,725
2020-12-23;2;16992,263;10307,800;-1077,725;0,000;8005,275;-996,463;756,100
2020-12-23;3;16517,925;10280,075;-1123,638;0,000;7560,188;-1013,225;817,438
2020-12-23;4;16468,850;10238,338;-1004,488;0,000;7227,738;-821,725;832,138
2020-12-23;5;16704,038;10361,838;-721,988;0,000;6848,850;-503,538;719,800
2020-12-23;6;17382,750;10590,863;-428,625;0,000;6753,838;-68,150;539,600
2020-12-23;7;19564,613;11911,788;-74,675;0,000;6809,325;348,375;571,388
2020-12-23;8;21424,438;13581,363;-5,988;0,000;6866,963;256,063;731,588
2020-12-23;9;22553,663;13886,263;-6,425;0,000;6828,125;934,638;915,100
2020-12-23;10;23553,675;14271,813;62,650;0,000;6888,425;1346,725;1058,663
2020-12-23;11;24019,275;14805,150;366,363;0,000;6841,938;1277,863;1100,575
2020-12-23;12;24389,925;15448,813;395,713;0,000;6638,413;1224,188;1092,725
2020-12-23;13;24184,288;15617,263;394,788;0,000;6439,238;1069,363;1076,500
2020-12-23;14;24060,188;15463,225;312,588;0,000;6248,725;1259,888;1099,338
2020-12-23;15;23617,200;15308,988;325,513;0,000;6137,175;1072,213;1099,525
2020-12-23;16;23959,375;15964,488;303,300;0,000;6157,363;731,238;1109,463
2020-12-23;17;24789,913;16584,188;391,288;0,000;6262,038;832,188;1104,675
2020-12-23;18;24608,663;16280,950;617,963;0,000;6434,775;792,500;1104,800
2020-12-23;19;24270,450;15658,838;667,963;0,000;6599,225;915,825;1101,650
2020-12-23;20;23923,300;15050,863;515,250;0,000;6838,950;937,250;1101,375
2020-12-23;21;23033,225;13836,438;267,788;0,000;6884,025;1223,150;1098,950
2020-12-23;22;21385,225;11961,788;11,188;0,000;6952,500;1402,388;1089,675
2020-12-23;23;19756,313;10207,800;-9,613;0,000;7060,750;1298,288;1205,113
2020-12-23;24;18122,700;8655,363;-10,200;0,000;7179,663;1265,100;1051,425
2020-12-24;1;16681,388;8160,625;-12,538;0,000;7534,813;447,250;546,888
2020-12-24;2;15690,488;7918,425;-242,575;0,000;7678,950;-259,688;590,288
2020-12-24;3;14974,263;7864,000;-682,575;0,000;7729,675;-370,988;430,275
2020-12-24;4;14679,975;7651,938;-814,513;0,000;7642,738;141,263;65,238
2020-12-24;5;14718,788;7761,550;-820,950;0,000;7613,225;110,013;63,388
2020-12-24;6;14909,025;7864,100;-760,013;0,000;7634,325;1,138;173,475
2020-12-24;7;15548,575;8066,288;-120,363;0,000;7723,775;-136,275;18,963
2020-12-24;8;16505,825;8447,513;-10,338;0,000;8141,488;-248,700;174,438
2020-12-24;9;17737,413;8785,875;6,913;0,000;8461,913;-19,150;504,175
2020-12-24;10;18990,813;9269,425;216,138;0,000;8575,738;536,525;622,813
2020-12-24;11;19696,088;9286,438;449,513;0,000;8895,063;663,300;873,900
2020-12-24;12;19861,688;9365,525;433,338;0,000;9077,538;597,913;836,338
2020-12-24;13;19575,850;9173,300;190,125;0,000;9069,475;728,100;621,475
2020-12-24;14;19482,900;8754,675;123,588;0,000;9197,663;950,225;603,313
2020-12-24;15;19040,400;8449,525;124,563;0,000;8975,988;1118,213;511,775
2020-12-24;16;19229,788;9323,763;8,000;0,000;8658,675;772,338;481,400
2020-12-24;17;19392,825;9862,038;244,988;0,000;8466,038;594,150;475,975
2020-12-24;18;17977,038;9011,888;160,338;0,000;8511,938;154,675;310,675
2020-12-24;19;16963,525;8192,438;22,388;0,000;8582,350;-94,088;294,550
2020-12-24;20;16495,163;7688,138;-9,713;0,000;8764,088;-756,875;820,913
2020-12-24;21;16336,175;7701,125;-11,338;0,000;8722,588;-735,475;671,088
2020-12-24;22;16132,413;7774,438;-11,425;0,000;8612,688;-859,138;623,038
2020-12-24;23;15854,125;7489,288;-12,988;0,000;8417,688;-634,275;604,000
2020-12-24;24;15089,175;7304,763;-13,488;0,000;7855,100;-629,375;579,463
2020-12-25;1;14262,225;6955,188;-245,225;0,000;7648,025;-147,325;58,375
2020-12-25;2;13470,638;6674,625;-494,200;0,000;7394,225;-115,950;18,638
2020-12-25;3;12939,388;6534,475;-686,100;0,000;7321,800;-234,575;9,750
2020-12-25;4;12640,525;6371,975;-684,925;0,000;7226,625;-287,675;19,313
2020-12-25;5;12795,363;6413,363;-562,975;0,000;7105,625;-166,263;10,413
2020-12-25;6;12925,325;6291,650;-426,150;0,000;6990,363;53,325;17,575
2020-12-25;7;13357,175;6584,850;-210,313;0,000;6985,638;-26,800;24,913
2020-12-25;8;13599,700;6665,925;-12,663;0,000;6975,550;-32,825;8,575
2020-12-25;9;14149,800;7127,238;-13,300;0,000;7069,588;-106,113;70,963
2020-12-25;10;15234,788;7618,363;-13,475;0,000;7151,238;237,413;238,475
2020-12-25;11;15782,363;7225,988;4,113;0,000;7196,650;864,888;507,488
2020-12-25;12;16111,288;7055,175;120,138;0,000;7273,300;1044,425;749,800
2020-12-25;13;16229,725;7129,088;243,125;0,000;7223,113;1009,238;890,650
2020-12-25;14;16295,025;7227,375;272,388;0,000;7014,238;1000,425;1071,725
2020-12-25;15;16026,013;7283,638;193,675;0,000;6906,463;854,550;995,200
2020-12-25;16;15802,450;7103,900;125,925;0,000;6726,175;985,563;996,975
2020-12-25;17;16428,213;7519,225;349,800;0,000;6945,638;1120,013;854,963
2020-12-25;18;16539,150;7869,513;454,175;0,000;7166,138;1024,900;488,913
2020-12-25;19;16578,188;7787,713;538,525;0,000;7409,425;961,150;433,200
2020-12-25;20;16566,200;7473,088;427,913;0,000;7425,925;825,000;852,063
2020-12-25;21;16439,988;7658,588;286,675;0,000;7275,138;688,063;834,863
2020-12-25;22;16045,500;7961,425;192,463;0,000;7249,763;365,025;482,875
2020-12-25;23;15532,113;7821,063;9,113;0,000;7339,188;-185,900;576,625
2020-12-25;24;14767,113;7597,963;-13,263;0,000;7375,338;-243,000;63,763
2020-12-26;1;13881,913;6511,988;-65,163;0,000;7534,375;-96,688;9,763
2020-12-26;2;13319,375;6239,463;-456,513;0,000;7492,225;41,175;12,575
2020-12-26;3;12899,663;6227,813;-778,088;0,000;7562,525;-118,038;12,888
2020-12-26;4;12793,013;6186,163;-796,738;0,000;7576,713;-182,988;13,338
2020-12-26;5;12821,763;6229,838;-794,913;0,000;7505,988;-133,738;19,188
2020-12-26;6;13069,300;6270,163;-784,800;0,000;7519,638;34,738;33,063
2020-12-26;7;13474,775;6221,413;-420,788;0,000;7526,888;-115,150;266,788
2020-12-26;8;13759,263;6427,938;-27,100;0,000;7489,938;-190,863;65,125
2020-12-26;9;14277,888;6791,338;-11,038;0,000;7544,288;-236,525;194,875
2020-12-26;10;15396,913;7489,725;-10,213;0,000;7631,563;147,125;141,300
2020-12-26;11;16083,325;7748,475;156,050;0,000;7636,338;473,163;240,563
2020-12-26;12;16406,850;7600,150;323,425;0,000;7684,813;749,488;386,163
2020-12-26;13;16556,100;7498,875;332,350;0,000;7772,025;698,900;603,438
2020-12-26;14;16496,613;7292,263;328,963;0,000;7472,788;1139,513;610,500
2020-12-26;15;16176,050;7490,100;328,600;0,000;7175,325;935,875;594,163
2020-12-26;16;16182,738;7587,100;182,875;0,000;7178,275;1211,338;216,963
2020-12-26;17;16986,475;8182,788;300,163;0,000;7466,975;1241,588;102,988
2020-12-26;18;17099,738;7986,613;329,888;0,000;7834,275;1164,013;122,850
2020-12-26;19;17083,250;7698,025;329,413;0,000;8132,825;1181,788;85,350
2020-12-26;20;17227,400;7915,700;657,950;0,000;8409,263;1046,588;-131,238
2020-12-26;21;17009,063;7757,350;673,738;0,000;8556,400;810,238;-103,900
2020-12-26;22;16540,763;7267,550;243,988;0,000;8631,925;598,125;60,838
2020-12-26;23;16025,050;6819,675;-12,000;0,000;8736,850;204,363;282,400
2020-12-26;24;15146,050;5997,588;-11,113;0,000;8792,925;218,525;156,463
2020-12-27;1;14304,113;5596,838;-93,175;0,000;8864,750;-83,113;23,413
2020-12-27;2;13696,438;5580,850;-618,788;0,000;8918,650;-191,763;8,075
2020-12-27;3;13453,013;5725,700;-1222,300;0,000;9138,125;-188,825;-2,375
2020-12-27;4;13216,438;5627,238;-1380,463;0,000;9118,063;-134,263;-8,950
2020-12-27;5;13314,600;5421,563;-1176,475;0,000;9139,163;-68,788;5,225
2020-12-27;6;13527,525;5529,688;-825,438;0,000;9258,313;-426,250;-2,713
2020-12-27;7;14117,450;5683,238;-487,063;0,000;9521,750;-368,013;-233,250
2020-12-27;8;14501,100;5614,538;-483,588;0,000;9866,488;-444,375;-46,413
2020-12-27;9;15120,188;5365,225;-356,213;0,000;10508,363;-410,250;10,675
2020-12-27;10;15963,763;5496,800;-14,188;0,000;10903,425;-442,750;14,638
2020-12-27;11;16363,875;5584,725;11,838;0,000;11218,088;-459,650;24,338
2020-12-27;12;16502,213;5741,525;37,988;0,000;11307,525;-592,550;43,738
2020-12-27;13;16523,088;5853,450;204,450;0,000;11116,475;-567,513;120,838
2020-12-27;14;16773,175;5988,075;339,288;0,000;10845,175;-190,250;130,600
2020-12-27;15;16815,950;6070,388;363,175;0,000;10564,075;107,413;72,638
2020-12-27;16;17084,713;6260,413;495,075;0,000;10532,963;424,913;-131,113
2020-12-27;17;18164,663;6865,213;906,525;0,000;10757,575;675,438;-136,150
2020-12-27;18;18303,638;6716,425;945,288;0,000;10862,400;769,050;-41,875
2020-12-27;19;18420,500;6677,875;1023,738;0,000;10900,625;846,900;2,925
2020-12-27;20;18447,775;6719,363;680,675;0,000;10832,750;990,650;-86,700
2020-12-27;21;18135,713;6819,075;178,200;0,000;10831,825;447,275;47,888
2020-12-27;22;17463,375;6466,725;-6,500;0,000;10724,338;7,363;279,900
2020-12-27;23;16779,650;5949,850;-6,875;0,000;10590,963;-27,988;278,913
2020-12-27;24;15785,150;5934,788;-233,163;0,000;10309,313;-382,375;163,175
2020-12-28;1;14973,075;6115,150;-865,688;0,000;10147,300;-459,225;34,463
2020-12-28;2;14467,888;5714,313;-1109,438;0,000;10059,525;-199,575;0,238
2020-12-28;3;14216,275;5868,038;-1403,625;0,000;9955,588;-215,125;11,125
2020-12-28;4;14137,813;5869,925;-1397,538;0,000;9832,075;-106,138;-63,438
2020-12-28;5;14540,825;6350,500;-1391,250;0,000;9778,150;-93,525;-104,200
2020-12-28;6;15396,525;7517,225;-1030,088;0,000;9763,038;-760,363;-90,225
2020-12-28;7;17604,800;8323,550;-77,100;0,000;9732,650;-348,625;24,488
2020-12-28;8;19365,475;9438,750;110,913;0,000;9925,963;-262,113;273,475
2020-12-28;9;20626,488;9955,488;230,738;0,000;10091,125;106,738;477,588
2020-12-28;10;21640,775;10170,975;313,388;0,000;10275,500;586,263;616,063
2020-12-28;11;21943,125;10272,000;330,063;0,000;10190,900;595,988;889,575
2020-12-28;12;22371,825;10941,100;365,338;0,000;10218,975;310,975;899,513
2020-12-28;13;22643,125;11923,075;366,438;0,000;9992,663;31,550;699,213
2020-12-28;14;22631,400;12059,938;118,175;0,000;9605,663;361,438;607,888
2020-12-28;15;22038,650;12076,150;-9,313;0,000;9302,488;175,625;492,038
2020-12-28;16;21910,788;12394,475;117,088;0,000;9036,300;-189,863;675,175
2020-12-28;17;22474,563;12744,288;404,300;0,000;8967,975;54,338;703,150
2020-12-28;18;22304,200;12976,713;722,163;0,000;8954,700;-229,525;599,638
2020-12-28;19;21970,188;12781,025;494,663;0,000;8828,163;-268,600;631,913
2020-12-28;20;21655,913;12521,438;253,175;0,000;8702,213;-629,900;1070,863
2020-12-28;21;20979,963;11780,050;75,313;0,000;8435,100;-323,200;1092,825
2020-12-28;22;19789,875;10646,488;162,538;0,000;8596,225;-356,363;911,950
2020-12-28;23;18592,213;9679,363;130,663;0,000;8632,888;-771,600;1068,413
2020-12-28;24;17250,825;8941,938;-126,888;0,000;8575,100;-941,263;805,950
2020-12-29;1;16270,450;8902,888;-469,575;0,000;8667,638;-1077,800;248,763
2020-12-29;2;15649,700;8738,500;-776,450;0,000;8643,463;-1118,200;164,925
2020-12-29;3;15362,975;8870,563;-973,738;0,000;8677,175;-1290,900;77,913
2020-12-29;4;15308,863;9080,113;-1028,550;0,000;8525,025;-1454,588;185,800
2020-12-29;5;15642,000;8934,913;-611,713;0,000;8461,238;-1297,600;153,475
2020-12-29;6;16348,825;8987,563;-228,763;0,000;8196,950;-627,600;24,713
2020-12-29;7;18196,188;9639,875;-93,975;0,000;8169,438;277,925;203,338
2020-12-29;8;19651,550;10751,938;-13,188;0,000;8042,350;621,750;255,275
2020-12-29;9;20515,313;11448,850;-13,350;0,000;7988,125;1005,713;84,900
2020-12-29;10;21175,663;11413,038;-13,250;0,000;8114,688;1234,725;435,213
2020-12-29;11;21457,150;10859,375;28,250;0,000;8392,000;1334,213;889,250
2020-12-29;12;21507,213;11345,488;273,575;0,000;8296,325;977,838;906,925
2020-12-29;13;21456,488;11708,238;357,725;0,000;8439,263;761,625;563,238
2020-12-29;14;21524,463;11117,438;363,088;0,000;8620,025;1100,075;697,100
2020-12-29;15;21301,413;10684,063;490,600;0,000;8791,713;1146,250;685,013
2020-12-29;16;21458,500;11335,613;328,050;0,000;8803,713;760,750;564,125
2020-12-29;17;22323,938;11971,950;309,838;0,000;9195,038;500,313;659,325
2020-12-29;18;22316,563;12208,550;416,888;0,000;9548,113;233,425;320,575
2020-12-29;19;21839,538;11339,763;506,400;0,000;9594,950;573,163;338,175
2020-12-29;20;21573,800;10752,375;495,688;0,000;9512,538;682,225;640,275
2020-12-29;21;21044,675;9796,863;349,863;0,000;9493,850;885,125;881,000
2020-12-29;22;19910,625;9383,413;111,100;0,000;9329,988;494,613;717,513
2020-12-29;23;18730,725;8895,988;-177,063;0,000;8958,113;205,975;852,025
2020-12-29;24;17477,800;8729,763;-750,138;0,000;8859,388;225,625;419,438
2020-12-30;1;16400,913;8937,475;-1067,838;0,000;8698,550;-402,675;240,263
2020-12-30;2;15796,600;8801,613;-1136,763;0,000;8422,463;-677,150;391,813
2020-12-30;3;15518,388;8867,488;-1131,288;0,000;8050,438;-698,513;428,313
2020-12-30;4;15472,475;8783,650;-1126,588;0,000;7871,638;-420,200;363,588
2020-12-30;5;15780,000;9004,613;-1066,100;0,000;7908,988;-490,625;425,750
2020-12-30;6;16325,000;9348,288;-803,025;0,000;7780,225;-132,638;140,125
2020-12-30;7;18109,150;10021,038;-196,513;0,000;7679,063;440,113;170,850
2020-12-30;8;19567,325;11092,163;-5,150;0,000;7522,700;598,813;365,775
2020-12-30;9;20422,938;11529,550;-7,288;0,000;7420,975;829,988;656,450
2020-12-30;10;21240,988;12025,663;10,650;0,000;7430,900;1091,813;708,725
2020-12-30;11;21711,388;12361,213;6,125;0,000;7332,700;1405,813;632,700
2020-12-30;12;21781,613;12782,213;30,175;0,000;6814,925;1505,563;696,250
2020-12-30;13;21605,175;12746,625;54,063;0,000;6485,813;1461,513;946,563
2020-12-30;14;21611,050;12787,275;25,325;0,000;6361,613;1479,550;1001,788
2020-12-30;15;21326,900;12606,275;-7,225;0,000;6251,263;1473,600;1009,363
2020-12-30;16;21386,425;12580,575;491,663;0,000;6353,763;1584,600;881,000
2020-12-30;17;22134,825;12926,650;826,163;0,000;6645,350;1645,100;924,250
2020-12-30;18;22141,763;12926,838;775,525;0,000;6893,038;1512,413;812,063
2020-12-30;19;21800,475;12542,988;759,188;0,000;7099,100;1507,350;658,463
2020-12-30;20;21468,988;11780,763;733,350;0,000;7119,788;1525,125;1055,363
2020-12-30;21;20909,363;11343,713;698,475;0,000;6960,475;1520,825;1094,888
2020-12-30;22;19784,025;10337,100;384,700;0,000;6991,450;1454,725;1014,663
2020-12-30;23;18577,100;9553,363;255,500;0,000;6839,088;1113,675;1079,163
2020-12-30;24;17285,150;8983,250;-10,750;0,000;6815,038;751,275;751,563
2020-12-31;1;16247,075;9317,175;-13,375;0,000;6727,388;164,338;52,750
2020-12-31;2;15473,688;9057,188;-273,300;0,000;6686,450;13,738;-7,088
2020-12-31;3;15033,813;9046,950;-732,450;0,000;6628,675;68,775;24,488
2020-12-31;4;14821,288;9165,688;-824,100;0,000;6643,263;-176,713;17,650
2020-12-31;5;14955,050;9421,975;-821,925;0,000;6717,125;-366,763;5,788
2020-12-31;6;15363,563;9557,300;-776,988;0,000;6725,525;-161,938;23,475
2020-12-31;7;16521,238;9598,325;-269,575;0,000;6956,738;-14,238;253,325
2020-12-31;8;17523,325;9802,313;-7,263;0,000;7022,575;454,088;259,825
2020-12-31;9;18321,613;10350,200;-7,113;0,000;7102,013;653,900;229,363
2020-12-31;10;19143,313;10332,750;172,225;0,000;7137,538;1292,350;395,200
2020-12-31;11;19630,775;10398,513;227,475;0,000;7057,763;1451,063;734,700
2020-12-31;12;19774,313;10679,125;258,263;0,000;6804,925;1453,500;843,263
2020-12-31;13;19590,413;11129,750;371,050;0,000;6639,300;1249,513;584,100
2020-12-31;14;19629,525;11232,313;314,338;0,000;6460,913;1332,075;618,625
2020-12-31;15;19384,050;11392,238;126,725;0,000;6244,425;1204,013;548,500
2020-12-31;16;19367,325;12053,363;31,238;0,000;6289,463;595,988;441,013
2020-12-31;17;20365,538;13395,063;284,775;0,000;6523,363;-27,488;478,425
2020-12-31;18;20308,250;13327,500;113,350;0,000;6745,038;-83,950;330,913
2020-12-31;19;19756,275;12382,350;293,838;0,000;6762,463;250,338;372,525
2020-12-31;20;18846,863;11478,863;510,563;0,000;6631,238;282,388;463,188
2020-12-31;21;17761,538;10734,838;455,100;0,000;6552,350;85,850;404,588
2020-12-31;22;16865,325;10183,150;167,363;0,000;6504,625;-192,763;389,463
2020-12-31;23;16433,013;9886,925;167,400;0,000;6344,413;144,725;72,713
2020-12-31;24;15805,300;9233,138;14,163;0,000;6252,750;-310,075;650,588
