Data;Godzina;CRO;CROs;CROz;Stan zakontraktowania;Niezbilansowanie
20200301;1;73,24;73,24;73,24;1353,97;1394,66
20200301;2;70,00;70,00;70,00;1384,23;1436,25
20200301;3;70,00;70,00;70,00;1550,39;1554,58
20200301;4;69,00;69,00;69,00;1618,28;1587,69
20200301;5;70,01;70,01;70,01;1315,97;1338,40
20200301;6;73,74;73,74;73,74;1068,86;1037,55
20200301;7;77,45;77,45;77,45;1094,31;1140,41
20200301;8;77,57;77,57;77,57;1066,10;1039,29
20200301;9;164,20;164,20;164,20;998,24;968,64
20200301;10;164,20;164,20;164,20;968,45;1020,41
20200301;11;164,20;164,20;164,20;970,08;1219,17
20200301;12;77,45;77,45;77,45;1379,95;1434,29
20200301;13;77,33;77,33;77,33;1401,31;1401,39
20200301;14;77,45;77,45;77,45;1259,89;1280,06
20200301;15;77,57;77,57;77,57;1125,63;1118,97
20200301;16;164,20;164,20;164,20;1043,86;1042,56
20200301;17;164,20;164,20;164,20;939,93;994,13
20200301;18;164,20;164,20;164,20;1019,35;1131,07
20200301;19;190,89;190,89;190,89;697,13;922,87
20200301;20;182,42;182,42;182,42;882,68;944,91
20200301;21;185,74;185,74;185,74;817,70;874,03
20200301;22;183,06;183,06;183,06;769,33;823,33
20200301;23;184,80;184,80;184,80;673,81;679,75
20200301;24;182,44;182,44;182,44;742,73;707,71
20200302;1;72,12;72,12;72,12;1413,61;1396,71
20200302;2;72,12;72,12;72,12;1408,61;1426,21
20200302;3;72,24;72,24;72,24;1305,08;1315,51
20200302;4;72,24;72,24;72,24;1350,06;1420,14
20200302;5;115,46;115,46;115,46;1410,68;1403,97
20200302;6;147,33;147,33;147,33;1404,22;1541,77
20200302;7;204,17;204,17;204,17;1043,40;1075,68
20200302;8;204,17;204,17;204,17;1100,25;1142,24
20200302;9;222,37;222,37;222,37;882,09;907,27
20200302;10;254,91;254,91;254,91;282,33;312,76
20200302;11;258,91;258,91;258,91;139,17;188,07
20200302;12;268,83;268,83;268,83;-18,24;-24,44
20200302;13;268,91;268,91;268,91;-179,56;-96,82
20200302;14;268,83;268,83;268,83;35,50;40,05
20200302;15;258,89;258,89;258,89;215,38;187,86
20200302;16;258,89;258,89;258,89;197,57;186,80
20200302;17;258,89;258,89;258,89;220,07;350,02
20200302;18;232,27;232,27;232,27;618,51;741,28
20200302;19;258,89;258,89;258,89;274,40;492,71
20200302;20;232,27;232,27;232,27;487,56;626,02
20200302;21;232,27;232,27;232,27;509,61;479,42
20200302;22;222,37;222,37;222,37;874,72;906,36
20200302;23;229,19;229,19;229,19;273,58;218,81
20200302;24;217,39;217,39;217,39;493,59;493,70
20200303;1;204,34;204,34;204,34;421,59;347,86
20200303;2;181,70;181,70;181,70;469,55;411,08
20200303;3;181,68;181,68;181,68;568,74;529,45
20200303;4;181,64;181,64;181,64;758,11;738,70
20200303;5;181,60;181,60;181,60;986,81;991,28
20200303;6;183,16;183,16;183,16;830,61;866,73
20200303;7;216,33;216,33;216,33;457,57;528,28
20200303;8;204,34;204,34;204,34;759,13;793,95
20200303;9;222,58;222,58;222,58;340,61;346,57
20200303;10;262,89;262,89;262,89;186,88;210,77
20200303;11;262,89;262,89;262,89;111,56;127,73
20200303;12;272,54;272,54;272,54;-271,74;-101,26
20200303;13;274,51;274,51;274,51;-396,56;-272,74
20200303;14;276,89;276,89;276,89;-375,42;-240,02
20200303;15;267,59;267,59;267,59;-242,30;-269,75
20200303;16;262,89;262,89;262,89;-101,69;-85,09
20200303;17;257,60;257,60;257,60;166,62;251,07
20200303;18;262,89;262,89;262,89;-274,39;-97,74
20200303;19;299,37;299,37;299,37;-523,62;-407,60
20200303;20;275,85;275,85;275,85;-548,67;-368,33
20200303;21;255,01;255,01;255,01;76,14;82,75
20200303;22;222,58;222,58;222,58;674,62;747,97
20200303;23;204,34;204,34;204,34;893,67;1006,92
20200303;24;71,24;71,24;71,24;1323,72;1307,64
20200304;1;181,90;181,90;181,90;1052,31;978,30
20200304;2;71,24;71,24;71,24;1120,48;1074,69
20200304;3;72,00;72,00;72,00;1095,65;1095,31
20200304;4;71,24;71,24;71,24;1124,15;1100,75
20200304;5;72,00;72,00;72,00;1095,59;1097,09
20200304;6;185,54;185,54;185,54;1005,57;970,56
20200304;7;222,36;222,36;222,36;217,47;242,91
20200304;8;239,00;239,00;239,00;253,39;178,48
20200304;9;256,60;256,60;256,60;-22,15;-69,02
20200304;10;255,91;255,91;255,91;-33,51;-45,71
20200304;11;222,36;222,36;222,36;397,13;530,80
20200304;12;246,45;246,45;246,45;167,67;326,95
20200304;13;255,91;255,91;255,91;-115,70;-4,73
20200304;14;260,91;260,91;260,91;-44,06;13,51
20200304;15;246,45;246,45;246,45;32,67;63,17
20200304;16;246,45;246,45;246,45;55,58;49,95
20200304;17;246,45;246,45;246,45;55,48;87,37
20200304;18;246,45;246,45;246,45;6,40;72,29
20200304;19;306,63;306,63;306,63;-587,90;-452,34
20200304;20;299,37;299,37;299,37;-377,44;-290,63
20200304;21;256,30;256,30;256,30;-51,01;-35,09
20200304;22;222,36;222,36;222,36;443,26;414,42
20200304;23;222,36;222,36;222,36;366,66;393,27
20200304;24;204,16;204,16;204,16;764,53;748,38
20200305;1;203,95;203,95;203,95;787,66;784,65
20200305;2;210,00;210,00;210,00;800,07;749,51
20200305;3;198,11;198,11;198,11;895,12;866,63
20200305;4;198,98;198,98;198,98;945,92;924,85
20200305;5;203,95;203,95;203,95;906,62;869,17
20200305;6;203,95;203,95;203,95;868,48;867,62
20200305;7;236,27;236,27;236,27;474,79;453,36
20200305;8;223,78;223,78;223,78;584,76;635,15
20200305;9;203,95;203,95;203,95;633,73;673,27
20200305;10;72,24;72,24;72,24;918,83;937,08
20200305;11;72,00;72,00;72,00;1010,77;1070,81
20200305;12;72,12;72,12;72,12;1050,49;1092,37
20200305;13;72,00;72,00;72,00;947,95;1032,87
20200305;14;72,24;72,24;72,24;697,78;814,30
20200305;15;72,12;72,12;72,12;583,04;626,08
20200305;16;72,24;72,24;72,24;499,59;454,45
20200305;17;72,24;72,24;72,24;758,07;805,45
20200305;18;72,24;72,24;72,24;746,09;804,98
20200305;19;203,95;203,95;203,95;622,02;793,16
20200305;20;71,24;71,24;71,24;1163,95;1296,43
20200305;21;71,24;71,24;71,24;1405,57;1475,18
20200305;22;71,24;71,24;71,24;1345,52;1271,71
20200305;23;185,64;185,64;185,64;1095,75;1121,18
20200305;24;185,76;185,76;185,76;1058,79;1045,25
20200306;1;71,24;71,24;71,24;1216,70;1224,30
20200306;2;71,12;71,12;71,12;1171,11;1156,26
20200306;3;71,12;71,12;71,12;1217,99;1213,60
20200306;4;71,12;71,12;71,12;1249,56;1274,38
20200306;5;71,24;71,24;71,24;930,23;930,67
20200306;6;71,24;71,24;71,24;894,53;905,98
20200306;7;203,67;203,67;203,67;461,17;577,48
20200306;8;72,24;72,24;72,24;680,75;700,92
20200306;9;203,67;203,67;203,67;441,98;474,34
20200306;10;203,67;203,67;203,67;428,15;490,45
20200306;11;203,67;203,67;203,67;295,10;374,60
20200306;12;236,92;236,92;236,92;233,00;393,23
20200306;13;244,62;244,62;244,62;-12,51;116,34
20200306;14;248,04;248,04;248,04;-79,37;38,72
20200306;15;236,92;236,92;236,92;233,09;259,75
20200306;16;237,00;237,00;237,00;196,28;206,73
20200306;17;237,00;237,00;237,00;-183,00;-114,54
20200306;18;237,00;237,00;237,00;-133,71;-25,02
20200306;19;260,89;260,89;260,89;-199,63;-27,83
20200306;20;244,62;244,62;244,62;-68,54;59,42
20200306;21;203,67;203,67;203,67;372,42;367,71
20200306;22;203,67;203,67;203,67;528,10;615,67
20200306;23;230,06;230,06;230,06;-24,13;-65,77
20200306;24;221,87;221,87;221,87;-57,00;-122,88
20200307;1;186,28;186,28;186,28;355,23;325,96
20200307;2;201,60;201,60;201,60;383,85;391,75
20200307;3;186,20;186,20;186,20;519,62;466,42
20200307;4;188,06;188,06;188,06;473,71;500,18
20200307;5;185,65;185,65;185,65;599,54;601,85
20200307;6;183,95;183,95;183,95;621,34;647,38
20200307;7;183,09;183,09;183,09;737,70;747,91
20200307;8;190,01;190,01;190,01;633,90;648,59
20200307;9;222,03;222,03;222,03;410,05;394,50
20200307;10;230,90;230,90;230,90;205,38;268,92
20200307;11;233,98;233,98;233,98;102,94;248,85
20200307;12;231,00;231,00;231,00;-101,97;32,45
20200307;13;228,45;228,45;228,45;51,76;104,49
20200307;14;228,43;228,43;228,43;128,88;103,91
20200307;15;223,34;223,34;223,34;181,68;202,62
20200307;16;204,20;204,20;204,20;534,93;535,77
20200307;17;204,20;204,20;204,20;538,17;625,34
20200307;18;204,20;204,20;204,20;530,78;594,83
20200307;19;204,21;204,21;204,21;462,89;583,63
20200307;20;204,20;204,20;204,20;492,98;612,98
20200307;21;204,20;204,20;204,20;587,22;662,43
20200307;22;187,28;187,28;187,28;537,04;520,31
20200307;23;204,20;204,20;204,20;383,22;290,49
20200307;24;204,20;204,20;204,20;507,67;472,89
20200308;1;204,18;204,18;204,18;652,33;619,89
20200308;2;77,57;77,57;77,57;809,96;847,80
20200308;3;77,57;77,57;77,57;799,65;768,35
20200308;4;77,57;77,57;77,57;749,14;702,16
20200308;5;204,18;204,18;204,18;683,03;644,50
20200308;6;77,57;77,57;77,57;745,99;740,97
20200308;7;77,57;77,57;77,57;744,94;738,75
20200308;8;204,18;204,18;204,18;680,02;591,74
20200308;9;204,18;204,18;204,18;356,54;342,08
20200308;10;233,62;233,62;233,62;90,18;128,74
20200308;11;224,02;224,02;224,02;308,77;322,58
20200308;12;222,83;222,83;222,83;319,39;371,95
20200308;13;220,69;220,69;220,69;337,03;374,80
20200308;14;204,18;204,18;204,18;445,41;516,36
20200308;15;204,18;204,18;204,18;590,67;678,16
20200308;16;204,18;204,18;204,18;699,81;707,20
20200308;17;204,18;204,18;204,18;658,33;685,33
20200308;18;204,18;204,18;204,18;532,51;672,77
20200308;19;204,18;204,18;204,18;476,15;704,52
20200308;20;204,18;204,18;204,18;782,12;946,01
20200308;21;201,43;201,43;201,43;917,00;1047,12
20200308;22;192,46;192,46;192,46;979,14;965,12
20200308;23;192,46;192,46;192,46;1078,59;1047,49
20200308;24;201,43;201,43;201,43;1096,60;1086,87
20200309;1;200,07;200,07;200,07;889,37;826,57
20200309;2;200,07;200,07;200,07;743,68;686,34
20200309;3;203,75;203,75;203,75;498,22;466,80
20200309;4;203,75;203,75;203,75;596,57;543,39
20200309;5;202,39;202,39;202,39;625,95;599,37
20200309;6;193,50;193,50;193,50;756,10;802,14
20200309;7;234,32;234,32;234,32;78,63;154,56
20200309;8;221,67;221,67;221,67;447,56;425,74
20200309;9;280,16;280,16;280,16;92,92;231,80
20200309;10;242,80;242,80;242,80;307,96;322,54
20200309;11;238,37;238,37;238,37;281,75;306,25
20200309;12;299,37;299,37;299,37;45,84;201,55
20200309;13;299,37;299,37;299,37;69,49;256,80
20200309;14;299,37;299,37;299,37;87,85;192,64
20200309;15;299,37;299,37;299,37;131,05;191,09
20200309;16;299,37;299,37;299,37;119,29;151,16
20200309;17;287,89;287,89;287,89;147,95;232,29
20200309;18;280,91;280,91;280,91;197,54;290,40
20200309;19;299,37;299,37;299,37;-12,29;192,16
20200309;20;285,89;285,89;285,89;194,38;313,50
20200309;21;286,89;286,89;286,89;38,98;15,16
20200309;22;203,75;203,75;203,75;404,45;406,31
20200309;23;203,75;203,75;203,75;266,09;303,37
20200309;24;72,24;72,24;72,24;684,13;743,81
20200310;1;204,05;204,05;204,05;673,71;623,39
20200310;2;204,05;204,05;204,05;693,08;672,48
20200310;3;204,05;204,05;204,05;602,55;556,74
20200310;4;204,05;204,05;204,05;613,74;615,51
20200310;5;204,05;204,05;204,05;514,37;501,11
20200310;6;204,05;204,05;204,05;403,85;490,48
20200310;7;204,06;204,06;204,06;340,91;348,66
20200310;8;204,05;204,05;204,05;429,92;411,69
20200310;9;259,89;259,89;259,89;149,17;144,49
20200310;10;299,37;299,37;299,37;42,16;100,56
20200310;11;72,24;72,24;72,24;821,07;911,76
20200310;12;72,00;72,00;72,00;1113,90;1242,76
20200310;13;71,24;71,24;71,24;1014,83;1193,41
20200310;14;72,12;72,12;72,12;827,84;1056,59
20200310;15;204,05;204,05;204,05;746,13;879,69
20200310;16;71,24;71,24;71,24;874,73;885,42
20200310;17;71,24;71,24;71,24;691,52;681,92
20200310;18;204,05;204,05;204,05;281,56;360,83
20200310;19;204,06;204,06;204,06;219,34;324,24
20200310;20;204,05;204,05;204,05;302,52;510,79
20200310;21;72,24;72,24;72,24;738,24;752,28
20200310;22;72,12;72,12;72,12;763,19;776,82
20200310;23;203,36;203,36;203,36;476,12;454,79
20200310;24;72,00;72,00;72,00;629,09;625,66
20200311;1;71,24;71,24;71,24;721,19;737,12
20200311;2;70,01;70,01;70,01;945,29;947,95
20200311;3;69,01;69,01;69,01;1192,91;1136,06
20200311;4;69,28;69,28;69,28;1133,20;1133,28
20200311;5;72,00;72,00;72,00;750,40;766,52
20200311;6;185,36;185,36;185,36;568,37;659,70
20200311;7;203,99;203,99;203,99;675,12;668,72
20200311;8;203,99;203,99;203,99;389,34;524,13
20200311;9;203,99;203,99;203,99;443,36;701,76
20200311;10;72,24;72,24;72,24;788,42;1116,91
20200311;11;71,24;71,24;71,24;1048,41;1268,40
20200311;12;71,24;71,24;71,24;1223,80;1335,73
20200311;13;71,24;71,24;71,24;1096,48;1330,69
20200311;14;71,12;71,12;71,12;1389,89;1429,14
20200311;15;71,12;71,12;71,12;1478,36;1515,48
20200311;16;71,00;71,00;71,00;1301,67;1340,46
20200311;17;71,12;71,12;71,12;1299,49;1322,64
20200311;18;71,24;71,24;71,24;1151,58;1151,22
20200311;19;203,99;203,99;203,99;381,76;516,01
20200311;20;203,99;203,99;203,99;390,95;571,84
20200311;21;72,24;72,24;72,24;689,17;722,78
20200311;22;71,24;71,24;71,24;1041,34;1052,24
20200311;23;203,99;203,99;203,99;479,08;474,15
20200311;24;203,99;203,99;203,99;486,22;469,95
20200312;1;185,20;185,20;185,20;665,83;690,28
20200312;2;180,91;180,91;180,91;831,22;885,08
20200312;3;180,91;180,91;180,91;765,82;880,80
20200312;4;180,91;180,91;180,91;834,03;871,34
20200312;5;72,00;72,00;72,00;1133,81;1154,50
20200312;6;71,24;71,24;71,24;1217,14;1312,11
20200312;7;71,24;71,24;71,24;1334,12;1395,22
20200312;8;199,37;199,37;199,37;1160,13;1182,81
20200312;9;203,54;203,54;203,54;951,94;1118,25
20200312;10;203,54;203,54;203,54;949,96;1081,02
20200312;11;221,62;221,62;221,62;821,55;888,42
20200312;12;232,89;232,89;232,89;427,52;423,88
20200312;13;227,91;227,91;227,91;475,71;492,46
20200312;14;232,89;232,89;232,89;384,37;345,26
20200312;15;240,91;240,91;240,91;184,77;230,06
20200312;16;235,89;235,89;235,89;279,53;328,75
20200312;17;221,62;221,62;221,62;553,57;560,78
20200312;18;203,54;203,54;203,54;889,30;1030,98
20200312;19;203,54;203,54;203,54;894,10;937,82
20200312;20;221,62;221,62;221,62;626,94;787,59
20200312;21;218,87;218,87;218,87;504,81;555,13
20200312;22;221,62;221,62;221,62;355,54;352,55
20200312;23;203,54;203,54;203,54;673,65;588,39
20200312;24;180,95;180,95;180,95;698,93;667,83
20200313;1;195,00;195,00;195,00;537,88;501,16
20200313;2;188,19;188,19;188,19;746,79;759,40
20200313;3;181,50;181,50;181,50;926,49;925,65
20200313;4;189,40;189,40;189,40;672,01;659,29
20200313;5;196,88;196,88;196,88;540,79;524,34
20200313;6;202,10;202,10;202,10;404,25;412,84
20200313;7;222,62;222,62;222,62;257,30;253,51
20200313;8;220,89;220,89;220,89;404,13;377,60
20200313;9;223,11;223,11;223,11;-7,38;94,91
20200313;10;226,70;226,70;226,70;-113,45;68,72
20200313;11;223,11;223,11;223,11;116,06;256,61
20200313;12;223,11;223,11;223,11;-52,87;62,72
20200313;13;223,11;223,11;223,11;162,83;166,51
20200313;14;223,11;223,11;223,11;152,72;166,84
20200313;15;216,10;216,10;216,10;227,29;198,16
20200313;16;223,11;223,11;223,11;87,80;313,26
20200313;17;204,90;204,90;204,90;552,28;771,72
20200313;18;204,79;204,79;204,79;822,39;900,96
20200313;19;220,10;220,10;220,10;540,11;687,80
20200313;20;204,79;204,79;204,79;683,63;885,00
20200313;21;204,79;204,79;204,79;765,82;915,75
20200313;22;71,24;71,24;71,24;1148,70;1167,62
20200313;23;71,24;71,24;71,24;1182,16;1163,79
20200313;24;72,12;72,12;72,12;1059,12;1106,68
20200314;1;72,24;72,24;72,24;1187,62;1183,94
20200314;2;72,24;72,24;72,24;1154,61;1167,51
20200314;3;73,74;73,74;73,74;972,15;1028,52
20200314;4;72,24;72,24;72,24;1014,31;1048,22
20200314;5;183,93;183,93;183,93;806,58;833,51
20200314;6;184,43;184,43;184,43;780,93;843,58
20200314;7;72,24;72,24;72,24;1304,33;1290,42
20200314;8;72,24;72,24;72,24;1150,48;1240,92
20200314;9;72,12;72,12;72,12;1559,80;1584,00
20200314;10;72,12;72,12;72,12;1732,23;1953,35
20200314;11;72,24;72,24;72,24;1679,91;1792,19
20200314;12;72,24;72,24;72,24;1677,54;1835,13
20200314;13;72,24;72,24;72,24;1755,80;1815,16
20200314;14;72,24;72,24;72,24;1665,48;1714,94
20200314;15;72,24;72,24;72,24;1579,65;1625,94
20200314;16;72,24;72,24;72,24;1508,42;1525,34
20200314;17;189,15;189,15;189,15;1358,12;1363,68
20200314;18;73,12;73,12;73,12;1207,32;1287,77
20200314;19;222,75;222,75;222,75;203,83;385,79
20200314;20;222,75;222,75;222,75;246,99;421,02
20200314;21;222,32;222,32;222,32;454,85;531,39
20200314;22;204,48;204,48;204,48;670,25;687,99
20200314;23;204,48;204,48;204,48;679,76;741,97
20200314;24;203,19;203,19;203,19;849,58;774,16
20200315;1;72,12;72,12;72,12;1290,28;1376,43
20200315;2;70,00;70,00;70,00;1477,75;1599,54
20200315;3;69,01;69,01;69,01;1665,39;1711,34
20200315;4;69,28;69,28;69,28;1563,37;1555,77
20200315;5;69,28;69,28;69,28;1538,16;1542,23
20200315;6;70,00;70,00;70,00;1546,28;1584,57
20200315;7;64,28;64,28;64,28;2280,10;2243,38
20200315;8;69,01;69,01;69,01;2490,07;2453,81
20200315;9;72,00;72,00;72,00;2088,23;2199,44
20200315;10;72,00;72,00;72,00;2023,77;2151,04
20200315;11;72,12;72,12;72,12;1979,24;2092,80
20200315;12;72,24;72,24;72,24;1914,99;2012,07
20200315;13;73,12;73,12;73,12;1756,23;1930,67
20200315;14;72,24;72,24;72,24;1651,16;1640,52
20200315;15;70,01;70,01;70,01;1923,43;1983,43
20200315;16;72,12;72,12;72,12;1776,48;1738,00
20200315;17;183,22;183,22;183,22;1196,47;1209,85
20200315;18;197,05;197,05;197,05;900,75;1018,63
20200315;19;197,05;197,05;197,05;722,69;912,37
20200315;20;197,05;197,05;197,05;1007,33;1213,45
20200315;21;187,48;187,48;187,48;1343,57;1408,30
20200315;22;183,23;183,23;183,23;1291,52;1316,93
20200315;23;72,24;72,24;72,24;1173,30;1175,07
20200315;24;73,62;73,62;73,62;931,69;952,31
20200316;1;71,12;71,12;71,12;951,45;1015,86
20200316;2;71,00;71,00;71,00;1313,99;1264,93
20200316;3;70,01;70,01;70,01;1327,76;1253,60
20200316;4;71,00;71,00;71,00;1159,33;1218,47
20200316;5;71,12;71,12;71,12;979,64;1030,30
20200316;6;71,12;71,12;71,12;1086,08;995,92
20200316;7;71,24;71,24;71,24;1187,19;1123,44
20200316;8;199,37;199,37;199,37;1149,33;1121,59
20200316;9;72,24;72,24;72,24;950,52;950,00
20200316;10;199,37;199,37;199,37;565,13;581,59
20200316;11;72,24;72,24;72,24;529,93;610,75
20200316;12;201,91;201,91;201,91;290,96;446,16
20200316;13;201,91;201,91;201,91;518,31;662,72
20200316;14;201,91;201,91;201,91;356,80;433,72
20200316;15;71,24;71,24;71,24;462,35;391,80
20200316;16;71,24;71,24;71,24;324,09;285,34
20200316;17;72,12;72,12;72,12;169,61;160,00
20200316;18;201,91;201,91;201,91;537,04;548,35
20200316;19;219,64;219,64;219,64;460,86;594,80
20200316;20;219,64;219,64;219,64;577,16;762,47
20200316;21;201,91;201,91;201,91;947,62;1056,66
20200316;22;71,24;71,24;71,24;1218,75;1300,64
20200316;23;201,91;201,91;201,91;1246,87;1154,47
20200316;24;191,10;191,10;191,10;949,13;870,94
20200317;1;217,80;217,80;217,80;524,03;481,42
20200317;2;217,80;217,80;217,80;271,39;279,43
20200317;3;217,80;217,80;217,80;194,62;233,35
20200317;4;218,10;218,10;218,10;179,89;184,42
20200317;5;217,80;217,80;217,80;205,10;239,47
20200317;6;203,03;203,03;203,03;495,99;566,12
20200317;7;221,00;221,00;221,00;409,67;360,64
20200317;8;221,00;221,00;221,00;767,90;689,43
20200317;9;221,00;221,00;221,00;457,40;429,11
20200317;10;234,38;234,38;234,38;320,99;370,73
20200317;11;221,00;221,00;221,00;513,02;671,77
20200317;12;221,00;221,00;221,00;444,35;598,59
20200317;13;221,00;221,00;221,00;569,60;665,12
20200317;14;203,03;203,03;203,03;715,69;784,85
20200317;15;203,03;203,03;203,03;743,72;786,64
20200317;16;203,03;203,03;203,03;682,89;686,85
20200317;17;221,00;221,00;221,00;431,70;426,88
20200317;18;222,08;222,08;222,08;292,83;384,04
20200317;19;245,91;245,91;245,91;183,28;305,76
20200317;20;245,91;245,91;245,91;179,99;340,04
20200317;21;234,38;234,38;234,38;325,62;429,88
20200317;22;211,47;211,47;211,47;536,42;549,78
20200317;23;203,04;203,04;203,04;460,13;450,38
20200317;24;195,76;195,76;195,76;554,65;533,12
20200318;1;202,54;202,54;202,54;574,82;560,28
20200318;2;166,09;166,09;166,09;1011,56;958,40
20200318;3;182,82;182,82;182,82;860,01;898,05
20200318;4;179,74;179,74;179,74;888,85;936,06
20200318;5;160,20;160,20;160,20;1069,69;1031,83
20200318;6;162,68;162,68;162,68;1241,55;1264,95
20200318;7;202,54;202,54;202,54;1032,28;1049,60
20200318;8;211,79;211,79;211,79;1046,64;1040,46
20200318;9;220,41;220,41;220,41;823,64;870,80
20200318;10;167,08;167,08;167,08;1130,34;1268,95
20200318;11;71,24;71,24;71,24;1411,23;1604,20
20200318;12;71,12;71,12;71,12;1736,84;1863,15
20200318;13;71,24;71,24;71,24;1737,32;1848,38
20200318;14;71,24;71,24;71,24;1780,06;1852,45
20200318;15;71,24;71,24;71,24;1676,67;1672,12
20200318;16;71,24;71,24;71,24;1552,03;1527,81
20200318;17;204,76;204,76;204,76;1330,88;1213,22
20200318;18;219,17;219,17;219,17;868,57;879,51
20200318;19;230,62;230,62;230,62;396,51;453,92
20200318;20;246,03;246,03;246,03;193,68;392,34
20200318;21;220,41;220,41;220,41;433,54;556,09
20200318;22;219,17;219,17;219,17;742,96;735,66
20200318;23;220,09;220,09;220,09;629,56;654,62
20200318;24;217,99;217,99;217,99;772,14;699,17
20200319;1;198,44;198,44;198,44;1063,05;965,39
20200319;2;198,44;198,44;198,44;1076,04;1040,54
20200319;3;189,58;189,58;189,58;1123,30;1154,71
20200319;4;198,44;198,44;198,44;1230,68;1254,78
20200319;5;165,42;165,42;165,42;1413,01;1409,78
20200319;6;165,42;165,42;165,42;1518,34;1534,96
20200319;7;198,44;198,44;198,44;1241,63;1259,61
20200319;8;71,24;71,24;71,24;1435,80;1389,69
20200319;9;215,45;215,45;215,45;849,54;952,05
20200319;10;226,72;226,72;226,72;481,65;551,94
20200319;11;226,72;226,72;226,72;531,60;609,39
20200319;12;265,08;265,08;265,08;669,58;608,01
20200319;13;266,62;266,62;266,62;561,10;480,31
20200319;14;216,82;216,82;216,82;577,59;530,18
20200319;15;210,76;210,76;210,76;821,26;754,19
20200319;16;198,44;198,44;198,44;881,59;840,15
20200319;17;198,44;198,44;198,44;969,15;892,91
20200319;18;210,73;210,73;210,73;762,49;896,39
20200319;19;215,45;215,45;215,45;583,83;664,48
20200319;20;226,06;226,06;226,06;416,65;606,00
20200319;21;215,45;215,45;215,45;628,63;674,13
20200319;22;210,73;210,73;210,73;781,61;704,75
20200319;23;215,45;215,45;215,45;619,33;578,14
20200319;24;215,45;215,45;215,45;503,29;490,99
20200320;1;197,30;197,30;197,30;802,77;811,36
20200320;2;197,30;197,30;197,30;811,88;761,76
20200320;3;197,30;197,30;197,30;743,61;781,79
20200320;4;184,76;184,76;184,76;858,94;775,98
20200320;5;183,78;183,78;183,78;934,09;870,80
20200320;6;72,24;72,24;72,24;971,94;902,92
20200320;7;214,08;214,08;214,08;429,96;429,12
20200320;8;214,08;214,08;214,08;411,12;391,28
20200320;9;238,89;238,89;238,89;85,38;240,01
20200320;10;219,91;219,91;219,91;352,06;422,88
20200320;11;219,91;219,91;219,91;356,23;593,00
20200320;12;219,91;219,91;219,91;347,13;420,15
20200320;13;214,08;214,08;214,08;333,28;340,10
20200320;14;224,91;224,91;224,91;153,40;196,35
20200320;15;224,06;224,06;224,06;311,93;339,90
20200320;16;214,08;214,08;214,08;366,93;375,89
20200320;17;214,08;214,08;214,08;569,93;597,20
20200320;18;209,00;209,00;209,00;650,86;742,20
20200320;19;209,00;209,00;209,00;652,43;857,70
20200320;20;197,30;197,30;197,30;760,87;870,09
20200320;21;213,25;213,25;213,25;695,15;816,65
20200320;22;197,30;197,30;197,30;859,89;896,04
20200320;23;204,87;204,87;204,87;660,31;745,77
20200320;24;197,30;197,30;197,30;478,60;428,01
20200321;1;72,24;72,24;72,24;1454,18;1507,83
20200321;2;72,24;72,24;72,24;1366,19;1339,26
20200321;3;72,24;72,24;72,24;1177,57;1114,73
20200321;4;72,24;72,24;72,24;1219,16;1226,59
20200321;5;72,24;72,24;72,24;1343,20;1337,78
20200321;6;72,12;72,12;72,12;1648,94;1693,61
20200321;7;72,12;72,12;72,12;1568,58;1605,40
20200321;8;72,12;72,12;72,12;1605,83;1695,07
20200321;9;72,00;72,00;72,00;2207,98;2288,57
20200321;10;72,12;72,12;72,12;2121,23;2204,00
20200321;11;72,24;72,24;72,24;1826,90;1999,17
20200321;12;72,24;72,24;72,24;1769,09;1899,38
20200321;13;157,86;157,86;157,86;1556,76;1603,34
20200321;14;157,86;157,86;157,86;1389,27;1417,82
20200321;15;165,23;165,23;165,23;1124,24;1152,06
20200321;16;157,86;157,86;157,86;1396,51;1403,24
20200321;17;165,05;165,05;165,05;1258,85;1192,91
20200321;18;72,00;72,00;72,00;1577,05;1704,73
20200321;19;72,24;72,24;72,24;1151,46;1382,14
20200321;20;184,86;184,86;184,86;851,01;1100,59
20200321;21;72,24;72,24;72,24;1187,30;1354,41
20200321;22;165,05;165,05;165,05;1067,49;1030,73
20200321;23;72,24;72,24;72,24;1154,83;1091,25
20200321;24;72,24;72,24;72,24;1223,77;1225,58
20200322;1;194,91;194,91;194,91;734,48;801,78
20200322;2;194,91;194,91;194,91;835,67;837,98
20200322;3;194,91;194,91;194,91;776,14;842,44
20200322;4;194,91;194,91;194,91;1011,24;994,47
20200322;5;194,91;194,91;194,91;953,61;946,36
20200322;6;72,00;72,00;72,00;1377,21;1509,59
20200322;7;70,01;70,01;70,01;1790,82;1775,99
20200322;8;159,34;159,34;159,34;1594,60;1574,48
20200322;9;159,34;159,34;159,34;1408,22;1430,08
20200322;10;159,34;159,34;159,34;1810,29;1980,31
20200322;11;159,34;159,34;159,34;1494,10;1610,42
20200322;12;172,27;172,27;172,27;1256,11;1333,13
20200322;13;194,91;194,91;194,91;976,60;999,00
20200322;14;194,91;194,91;194,91;785,46;805,47
20200322;15;194,91;194,91;194,91;781,87;792,73
20200322;16;194,91;194,91;194,91;927,29;1002,97
20200322;17;194,91;194,91;194,91;964,71;1053,73
20200322;18;194,91;194,91;194,91;798,03;911,43
20200322;19;205,15;205,15;205,15;466,01;617,54
20200322;20;205,71;205,71;205,71;502,90;671,62
20200322;21;72,24;72,24;72,24;1167,58;1392,56
20200322;22;72,12;72,12;72,12;1566,04;1665,07
20200322;23;72,24;72,24;72,24;1449,79;1479,12
20200322;24;194,91;194,91;194,91;1081,63;1108,84
20200323;1;71,12;71,12;71,12;1953,83;1825,19
20200323;2;71,12;71,12;71,12;1599,24;1548,10
20200323;3;71,24;71,24;71,24;1593,33;1591,18
20200323;4;71,12;71,12;71,12;1795,45;1757,62
20200323;5;71,24;71,24;71,24;1591,88;1608,61
20200323;6;71,24;71,24;71,24;2078,42;2065,32
20200323;7;71,24;71,24;71,24;1585,12;1462,93
20200323;8;72,00;72,00;72,00;1305,10;1284,05
20200323;9;194,26;194,26;194,26;574,52;668,94
20200323;10;193,03;193,03;193,03;797,16;988,72
20200323;11;71,24;71,24;71,24;1246,58;1246,96
20200323;12;72,12;72,12;72,12;989,80;1012,40
20200323;13;192,09;192,09;192,09;726,86;720,54
20200323;14;194,26;194,26;194,26;679,75;672,88
20200323;15;182,86;182,86;182,86;783,14;770,53
20200323;16;181,47;181,47;181,47;746,35;737,80
20200323;17;183,55;183,55;183,55;739,20;753,22
20200323;18;194,26;194,26;194,26;819,27;887,42
20200323;19;194,26;194,26;194,26;610,47;807,70
20200323;20;210,40;210,40;210,40;268,49;415,12
20200323;21;72,24;72,24;72,24;992,95;1076,84
20200323;22;182,60;182,60;182,60;940,17;827,85
20200323;23;184,31;184,31;184,31;1004,14;980,17
20200323;24;72,00;72,00;72,00;1110,67;1170,13
20200324;1;165,94;165,94;165,94;837,83;756,37
20200324;2;167,30;167,30;167,30;772,19;743,62
20200324;3;161,47;161,47;161,47;866,86;765,37
20200324;4;170,35;170,35;170,35;669,20;617,65
20200324;5;168,86;168,86;168,86;718,52;686,39
20200324;6;164,07;164,07;164,07;835,35;901,17
20200324;7;193,94;193,94;193,94;941,42;859,72
20200324;8;193,94;193,94;193,94;605,93;586,79
20200324;9;210,02;210,02;210,02;372,44;417,11
20200324;10;199,80;199,80;199,80;401,20;539,77
20200324;11;193,94;193,94;193,94;480,22;582,84
20200324;12;210,02;210,02;210,02;117,68;353,71
20200324;13;210,02;210,02;210,02;344,64;376,21
20200324;14;210,02;210,02;210,02;236,74;293,00
20200324;15;193,94;193,94;193,94;542,20;535,46
20200324;16;193,94;193,94;193,94;442,81;481,40
20200324;17;193,94;193,94;193,94;389,64;484,98
20200324;18;210,02;210,02;210,02;99,89;239,01
20200324;19;211,14;211,14;211,14;80,09;210,02
20200324;20;211,14;211,14;211,14;167,10;234,83
20200324;21;193,94;193,94;193,94;587,44;548,78
20200324;22;185,54;185,54;185,54;756,23;700,73
20200324;23;189,73;189,73;189,73;685,46;701,73
20200324;24;178,87;178,87;178,87;645,50;702,80
20200325;1;158,56;158,56;158,56;1019,21;951,04
20200325;2;71,24;71,24;71,24;1270,44;1231,76
20200325;3;71,24;71,24;71,24;1349,98;1297,45
20200325;4;71,24;71,24;71,24;1120,60;1112,80
20200325;5;71,24;71,24;71,24;1032,83;1091,39
20200325;6;71,24;71,24;71,24;1317,80;1439,34
20200325;7;71,24;71,24;71,24;1340,27;1312,60
20200325;8;193,10;193,10;193,10;832,04;837,96
20200325;9;194,37;194,37;194,37;569,70;640,29
20200325;10;71,24;71,24;71,24;1113,02;1274,36
20200325;11;167,02;167,02;167,02;1035,62;1167,43
20200325;12;194,37;194,37;194,37;777,22;997,18
20200325;13;193,76;193,76;193,76;805,57;901,40
20200325;14;194,37;194,37;194,37;799,30;810,83
20200325;15;167,02;167,02;167,02;1128,55;1108,03
20200325;16;167,02;167,02;167,02;978,85;949,59
20200325;17;167,02;167,02;167,02;1111,23;1198,02
20200325;18;194,37;194,37;194,37;661,55;833,84
20200325;19;194,37;194,37;194,37;827,47;1017,01
20200325;20;194,37;194,37;194,37;975,25;1013,04
20200325;21;194,37;194,37;194,37;1127,29;1133,82
20200325;22;72,00;72,00;72,00;1142,23;1205,09
20200325;23;72,24;72,24;72,24;1112,04;1091,05
20200325;24;143,30;143,30;143,30;1139,39;1089,21
20200326;1;71,24;71,24;71,24;1245,73;1235,90
20200326;2;71,24;71,24;71,24;1077,47;1158,35
20200326;3;71,24;71,24;71,24;1022,73;1096,80
20200326;4;158,00;158,00;158,00;907,32;953,09
20200326;5;71,24;71,24;71,24;1070,54;1008,75
20200326;6;71,24;71,24;71,24;1161,81;1221,80
20200326;7;193,44;193,44;193,44;894,67;974,17
20200326;8;209,42;209,42;209,42;326,13;266,35
20200326;9;224,70;224,70;224,70;92,01;121,70
20200326;10;223,80;223,80;223,80;-139,45;70,25
20200326;11;203,65;203,65;203,65;218,25;360,94
20200326;12;195,26;195,26;195,26;494,69;609,17
20200326;13;196,84;196,84;196,84;579,44;620,19
20200326;14;209,42;209,42;209,42;267,50;327,90
20200326;15;197,99;197,99;197,99;360,87;403,03
20200326;16;193,44;193,44;193,44;323,39;372,18
20200326;17;193,44;193,44;193,44;390,48;358,87
20200326;18;196,71;196,71;196,71;105,90;280,50
20200326;19;209,42;209,42;209,42;324,76;472,51
20200326;20;209,42;209,42;209,42;428,71;562,84
20200326;21;209,42;209,42;209,42;657,58;703,70
20200326;22;182,92;182,92;182,92;761,85;822,33
20200326;23;193,44;193,44;193,44;640,88;679,57
20200326;24;178,49;178,49;178,49;821,76;880,09
20200327;1;72,24;72,24;72,24;1053,27;1119,28
20200327;2;72,12;72,12;72,12;1111,53;1133,23
20200327;3;71,24;71,24;71,24;1171,73;1174,32
20200327;4;71,24;71,24;71,24;1245,16;1118,85
20200327;5;71,24;71,24;71,24;1223,60;1150,78
20200327;6;71,24;71,24;71,24;1276,39;1351,98
20200327;7;72,24;72,24;72,24;1140,48;1155,14
20200327;8;195,58;195,58;195,58;898,31;876,13
20200327;9;214,53;214,53;214,53;584,03;569,89
20200327;10;216,67;216,67;216,67;398,50;496,95
20200327;11;214,57;214,57;214,57;525,75;661,38
20200327;12;212,00;212,00;212,00;830,59;939,45
20200327;13;195,58;195,58;195,58;1043,69;1088,05
20200327;14;195,58;195,58;195,58;1118,10;1131,26
20200327;15;195,58;195,58;195,58;1140,55;1091,41
20200327;16;195,58;195,58;195,58;1011,31;1021,83
20200327;17;195,58;195,58;195,58;869,05;893,84
20200327;18;199,15;199,15;199,15;772,64;961,16
20200327;19;195,58;195,58;195,58;1258,38;1328,07
20200327;20;212,00;212,00;212,00;955,25;1061,29
20200327;21;213,15;213,15;213,15;985,77;1006,21
20200327;22;191,69;191,69;191,69;1054,65;1107,86
20200327;23;183,03;183,03;183,03;1178,00;1224,75
20200327;24;172,75;172,75;172,75;1072,17;1113,17
20200328;1;160,92;160,92;160,92;974,74;983,17
20200328;2;160,91;160,91;160,91;1063,87;1058,35
20200328;3;160,95;160,95;160,95;800,97;756,39
20200328;4;160,95;160,95;160,95;738,17;721,72
20200328;5;164,87;164,87;164,87;766,97;796,21
20200328;6;160,92;160,92;160,92;987,10;1036,28
20200328;7;160,92;160,92;160,92;1017,81;1032,07
20200328;8;160,91;160,91;160,91;1021,92;1048,69
20200328;9;196,46;196,46;196,46;859,25;863,06
20200328;10;196,60;196,60;196,60;1016,83;999,91
20200328;11;74,62;74,62;74,62;1471,45;1481,50
20200328;12;150,00;150,00;150,00;1173,13;1289,57
20200328;13;150,00;150,00;150,00;1161,65;1195,35
20200328;14;150,00;150,00;150,00;1182,46;1170,02
20200328;15;150,00;150,00;150,00;1245,97;1218,77
20200328;16;150,00;150,00;150,00;1091,54;1138,63
20200328;17;196,60;196,60;196,60;785,46;744,05
20200328;18;174,32;174,32;174,32;756,84;957,18
20200328;19;196,60;196,60;196,60;753,01;870,82
20200328;20;196,60;196,60;196,60;600,96;737,21
20200328;21;160,24;160,24;160,24;931,54;907,71
20200328;22;164,10;164,10;164,10;895,87;890,11
20200328;23;160,00;160,00;160,00;1045,57;1069,39
20200328;24;160,00;160,00;160,00;1041,33;1027,21
20200329;1;165,23;165,23;165,23;800,35;873,17
20200329;3;165,21;165,21;165,21;827,95;861,43
20200329;4;72,12;72,12;72,12;1172,82;1280,79
20200329;5;72,12;72,12;72,12;1337,74;1341,52
20200329;6;70,01;70,01;70,01;1494,06;1535,38
20200329;7;60,01;60,01;60,01;2184,23;2333,65
20200329;8;60,01;60,01;60,01;2058,12;2222,27
20200329;9;69,00;69,00;69,00;1778,38;1869,47
20200329;10;66,01;66,01;66,01;1903,39;1950,88
20200329;11;70,00;70,00;70,00;1527,49;1605,77
20200329;12;70,01;70,01;70,01;1334,68;1416,97
20200329;13;72,00;72,00;72,00;1202,99;1239,59
20200329;14;72,12;72,12;72,12;1174,80;1163,78
20200329;15;72,24;72,24;72,24;1066,95;1080,98
20200329;16;70,01;70,01;70,01;1277,50;1346,49
20200329;17;70,00;70,00;70,00;1422,44;1523,95
20200329;18;70,01;70,01;70,01;1359,43;1507,53
20200329;19;72,12;72,12;72,12;1116,97;1218,22
20200329;20;163,57;163,57;163,57;909,18;1025,72
20200329;21;74,12;74,12;74,12;942,35;1015,15
20200329;22;165,27;165,27;165,27;485,60;454,93
20200329;23;165,28;165,28;165,28;408,12;403,51
20200329;24;196,60;196,60;196,60;265,27;477,84
20200330;1;163,82;163,82;163,82;464,17;359,15
20200330;2;163,82;163,82;163,82;450,00;474,02
20200330;3;162,45;162,45;162,45;588,08;693,22
20200330;4;72,24;72,24;72,24;833,25;889,17
20200330;5;71,24;71,24;71,24;993,39;1060,64
20200330;6;71,24;71,24;71,24;1242,77;1182,93
20200330;7;71,24;71,24;71,24;1132,30;1267,86
20200330;8;71,24;71,24;71,24;1418,73;1273,04
20200330;9;194,52;194,52;194,52;661,55;626,03
20200330;10;210,73;210,73;210,73;273,26;331,66
20200330;11;194,52;194,52;194,52;489,12;642,97
20200330;12;194,52;194,52;194,52;603,67;677,95
20200330;13;194,52;194,52;194,52;449,43;541,51
20200330;14;232,93;232,93;232,93;526,88;569,34
20200330;15;219,53;219,53;219,53;693,12;670,95
20200330;16;232,11;232,11;232,11;581,77;530,76
20200330;17;224,36;224,36;224,36;364,99;438,44
20200330;18;210,73;210,73;210,73;543,14;712,46
20200330;19;207,32;207,32;207,32;430,28;531,38
20200330;20;194,52;194,52;194,52;641,72;783,11
20200330;21;195,50;195,50;195,50;786,88;742,52
20200330;22;195,50;195,50;195,50;557,82;579,96
20200330;23;194,52;194,52;194,52;658,57;556,79
20200330;24;194,52;194,52;194,52;499,76;609,38
20200331;1;195,85;195,85;195,85;750,13;637,29
20200331;2;173,61;173,61;173,61;717,51;674,27
20200331;3;195,85;195,85;195,85;513,14;531,76
20200331;4;167,97;167,97;167,97;472,31;446,81
20200331;5;167,46;167,46;167,46;526,89;463,53
20200331;6;167,09;167,09;167,09;403,87;425,00
20200331;7;188,39;188,39;188,39;541,01;611,46
20200331;8;195,85;195,85;195,85;684,77;617,56
20200331;9;212,33;212,33;212,33;422,43;495,38
20200331;10;195,85;195,85;195,85;490,62;511,68
20200331;11;195,85;195,85;195,85;563,63;558,87
20200331;12;212,33;212,33;212,33;219,64;224,09
20200331;13;212,33;212,33;212,33;190,09;204,33
20200331;14;228,91;228,91;228,91;79,36;74,20
20200331;15;212,33;212,33;212,33;293,57;361,77
20200331;16;198,86;198,86;198,86;435,86;473,99
20200331;17;195,85;195,85;195,85;730,56;736,73
20200331;18;197,63;197,63;197,63;825,45;813,04
20200331;19;197,87;197,87;197,87;726,62;761,31
20200331;20;196,65;196,65;196,65;798,66;813,44
20200331;21;195,85;195,85;195,85;693,15;890,19
20200331;22;195,85;195,85;195,85;739,56;834,44
20200331;23;195,85;195,85;195,85;818,79;871,97
20200331;24;177,77;177,77;177,77;780,88;970,48
